Landroid/app/ondevicepersonalization/IOnDevicePersonalizationSystemService$Default;->asBinder()Landroid/os/IBinder;,public-api,system-api,test-api
Landroid/app/ondevicepersonalization/IOnDevicePersonalizationSystemService$Stub$Proxy;->asBinder()Landroid/os/IBinder;,public-api,system-api,test-api
Landroid/app/ondevicepersonalization/IOnDevicePersonalizationSystemService$Stub;->asBinder()Landroid/os/IBinder;,public-api,system-api,test-api
Landroid/app/ondevicepersonalization/IOnDevicePersonalizationSystemService$Stub;->onTransact(ILandroid/os/Parcel;Landroid/os/Parcel;I)Z,public-api,system-api,test-api
Landroid/app/ondevicepersonalization/IOnDevicePersonalizationSystemServiceCallback$Default;->asBinder()Landroid/os/IBinder;,public-api,system-api,test-api
Landroid/app/ondevicepersonalization/IOnDevicePersonalizationSystemServiceCallback$Stub$Proxy;->asBinder()Landroid/os/IBinder;,public-api,system-api,test-api
Landroid/app/ondevicepersonalization/IOnDevicePersonalizationSystemServiceCallback$Stub;->asBinder()Landroid/os/IBinder;,public-api,system-api,test-api
Landroid/app/ondevicepersonalization/IOnDevicePersonalizationSystemServiceCallback$Stub;->onTransact(ILandroid/os/Parcel;Landroid/os/Parcel;I)Z,public-api,system-api,test-api
Landroid/federatedcompute/FederatedComputeManager$$ExternalSyntheticLambda0;->run()V,core-platform-api,public-api,system-api,test-api
Landroid/federatedcompute/FederatedComputeManager$1$$ExternalSyntheticLambda0;->run()V,core-platform-api,public-api,system-api,test-api
Landroid/federatedcompute/FederatedComputeManager$1$$ExternalSyntheticLambda1;->run()V,core-platform-api,public-api,system-api,test-api
Landroid/federatedcompute/FederatedComputeManager$FederatedComputeServiceConnection;->onBindingDied(Landroid/content/ComponentName;)V,public-api,system-api,test-api
Landroid/federatedcompute/FederatedComputeManager$FederatedComputeServiceConnection;->onNullBinding(Landroid/content/ComponentName;)V,public-api,system-api,test-api
Landroid/federatedcompute/FederatedComputeManager$FederatedComputeServiceConnection;->onServiceConnected(Landroid/content/ComponentName;Landroid/os/IBinder;)V,public-api,system-api,test-api
Landroid/federatedcompute/FederatedComputeManager$FederatedComputeServiceConnection;->onServiceDisconnected(Landroid/content/ComponentName;)V,public-api,system-api,test-api
Landroid/federatedcompute/IFederatedComputeCallback$Default;->asBinder()Landroid/os/IBinder;,public-api,system-api,test-api
Landroid/federatedcompute/IFederatedComputeCallback$Stub$Proxy;->asBinder()Landroid/os/IBinder;,public-api,system-api,test-api
Landroid/federatedcompute/IFederatedComputeCallback$Stub;->asBinder()Landroid/os/IBinder;,public-api,system-api,test-api
Landroid/federatedcompute/IFederatedComputeCallback$Stub;->onTransact(ILandroid/os/Parcel;Landroid/os/Parcel;I)Z,public-api,system-api,test-api
Landroid/federatedcompute/IFederatedComputeService$Default;->asBinder()Landroid/os/IBinder;,public-api,system-api,test-api
Landroid/federatedcompute/IFederatedComputeService$Stub$Proxy;->asBinder()Landroid/os/IBinder;,public-api,system-api,test-api
Landroid/federatedcompute/IFederatedComputeService$Stub;->asBinder()Landroid/os/IBinder;,public-api,system-api,test-api
Landroid/federatedcompute/IFederatedComputeService$Stub;->onTransact(ILandroid/os/Parcel;Landroid/os/Parcel;I)Z,public-api,system-api,test-api
Landroid/federatedcompute/ScheduleFederatedComputeRequest;->equals(Ljava/lang/Object;)Z,core-platform-api,public-api,system-api,test-api
Landroid/federatedcompute/ScheduleFederatedComputeRequest;->hashCode()I,core-platform-api,public-api,system-api,test-api
Landroid/federatedcompute/TrainingInterval$1;->createFromParcel(Landroid/os/Parcel;)Ljava/lang/Object;,public-api,system-api,test-api
Landroid/federatedcompute/TrainingInterval$1;->newArray(I)[Ljava/lang/Object;,public-api,system-api,test-api
Landroid/federatedcompute/TrainingInterval;->describeContents()I,public-api,system-api,test-api
Landroid/federatedcompute/TrainingInterval;->equals(Ljava/lang/Object;)Z,core-platform-api,public-api,system-api,test-api
Landroid/federatedcompute/TrainingInterval;->hashCode()I,core-platform-api,public-api,system-api,test-api
Landroid/federatedcompute/TrainingInterval;->writeToParcel(Landroid/os/Parcel;I)V,public-api,system-api,test-api
Landroid/federatedcompute/TrainingOptions$1;->createFromParcel(Landroid/os/Parcel;)Ljava/lang/Object;,public-api,system-api,test-api
Landroid/federatedcompute/TrainingOptions$1;->newArray(I)[Ljava/lang/Object;,public-api,system-api,test-api
Landroid/federatedcompute/TrainingOptions;->describeContents()I,public-api,system-api,test-api
Landroid/federatedcompute/TrainingOptions;->equals(Ljava/lang/Object;)Z,core-platform-api,public-api,system-api,test-api
Landroid/federatedcompute/TrainingOptions;->hashCode()I,core-platform-api,public-api,system-api,test-api
Landroid/federatedcompute/TrainingOptions;->writeToParcel(Landroid/os/Parcel;I)V,public-api,system-api,test-api
Landroid/federatedcompute/aidl/IFederatedComputeCallback$Default;->asBinder()Landroid/os/IBinder;,public-api,system-api,test-api
Landroid/federatedcompute/aidl/IFederatedComputeCallback$Stub$Proxy;->asBinder()Landroid/os/IBinder;,public-api,system-api,test-api
Landroid/federatedcompute/aidl/IFederatedComputeCallback$Stub;->asBinder()Landroid/os/IBinder;,public-api,system-api,test-api
Landroid/federatedcompute/aidl/IFederatedComputeCallback$Stub;->onTransact(ILandroid/os/Parcel;Landroid/os/Parcel;I)Z,public-api,system-api,test-api
Landroid/ondevicepersonalization/AppInstallStatus$1;->createFromParcel(Landroid/os/Parcel;)Ljava/lang/Object;,public-api,system-api,test-api
Landroid/ondevicepersonalization/AppInstallStatus$1;->newArray(I)[Ljava/lang/Object;,public-api,system-api,test-api
Landroid/ondevicepersonalization/AppInstallStatus;->describeContents()I,public-api,system-api,test-api
Landroid/ondevicepersonalization/AppInstallStatus;->equals(Ljava/lang/Object;)Z,core-platform-api,public-api,system-api,test-api
Landroid/ondevicepersonalization/AppInstallStatus;->hashCode()I,core-platform-api,public-api,system-api,test-api
Landroid/ondevicepersonalization/AppInstallStatus;->writeToParcel(Landroid/os/Parcel;I)V,public-api,system-api,test-api
Landroid/ondevicepersonalization/AppUsageStatus$1;->createFromParcel(Landroid/os/Parcel;)Ljava/lang/Object;,public-api,system-api,test-api
Landroid/ondevicepersonalization/AppUsageStatus$1;->newArray(I)[Ljava/lang/Object;,public-api,system-api,test-api
Landroid/ondevicepersonalization/AppUsageStatus;->describeContents()I,public-api,system-api,test-api
Landroid/ondevicepersonalization/AppUsageStatus;->equals(Ljava/lang/Object;)Z,core-platform-api,public-api,system-api,test-api
Landroid/ondevicepersonalization/AppUsageStatus;->hashCode()I,core-platform-api,public-api,system-api,test-api
Landroid/ondevicepersonalization/AppUsageStatus;->writeToParcel(Landroid/os/Parcel;I)V,public-api,system-api,test-api
Landroid/ondevicepersonalization/DeviceMetrics$1;->createFromParcel(Landroid/os/Parcel;)Ljava/lang/Object;,public-api,system-api,test-api
Landroid/ondevicepersonalization/DeviceMetrics$1;->newArray(I)[Ljava/lang/Object;,public-api,system-api,test-api
Landroid/ondevicepersonalization/DeviceMetrics;->describeContents()I,public-api,system-api,test-api
Landroid/ondevicepersonalization/DeviceMetrics;->equals(Ljava/lang/Object;)Z,core-platform-api,public-api,system-api,test-api
Landroid/ondevicepersonalization/DeviceMetrics;->hashCode()I,core-platform-api,public-api,system-api,test-api
Landroid/ondevicepersonalization/DeviceMetrics;->writeToParcel(Landroid/os/Parcel;I)V,public-api,system-api,test-api
Landroid/ondevicepersonalization/DownloadInput$1;->createFromParcel(Landroid/os/Parcel;)Ljava/lang/Object;,public-api,system-api,test-api
Landroid/ondevicepersonalization/DownloadInput$1;->newArray(I)[Ljava/lang/Object;,public-api,system-api,test-api
Landroid/ondevicepersonalization/DownloadInput;->describeContents()I,public-api,system-api,test-api
Landroid/ondevicepersonalization/DownloadInput;->equals(Ljava/lang/Object;)Z,core-platform-api,public-api,system-api,test-api
Landroid/ondevicepersonalization/DownloadInput;->hashCode()I,core-platform-api,public-api,system-api,test-api
Landroid/ondevicepersonalization/DownloadInput;->writeToParcel(Landroid/os/Parcel;I)V,public-api,system-api,test-api
Landroid/ondevicepersonalization/DownloadResult$1;->createFromParcel(Landroid/os/Parcel;)Ljava/lang/Object;,public-api,system-api,test-api
Landroid/ondevicepersonalization/DownloadResult$1;->newArray(I)[Ljava/lang/Object;,public-api,system-api,test-api
Landroid/ondevicepersonalization/DownloadResult;->describeContents()I,public-api,system-api,test-api
Landroid/ondevicepersonalization/DownloadResult;->equals(Ljava/lang/Object;)Z,core-platform-api,public-api,system-api,test-api
Landroid/ondevicepersonalization/DownloadResult;->hashCode()I,core-platform-api,public-api,system-api,test-api
Landroid/ondevicepersonalization/DownloadResult;->writeToParcel(Landroid/os/Parcel;I)V,public-api,system-api,test-api
Landroid/ondevicepersonalization/EventMetricsInput$1;->createFromParcel(Landroid/os/Parcel;)Ljava/lang/Object;,public-api,system-api,test-api
Landroid/ondevicepersonalization/EventMetricsInput$1;->newArray(I)[Ljava/lang/Object;,public-api,system-api,test-api
Landroid/ondevicepersonalization/EventMetricsInput;->describeContents()I,public-api,system-api,test-api
Landroid/ondevicepersonalization/EventMetricsInput;->equals(Ljava/lang/Object;)Z,core-platform-api,public-api,system-api,test-api
Landroid/ondevicepersonalization/EventMetricsInput;->hashCode()I,core-platform-api,public-api,system-api,test-api
Landroid/ondevicepersonalization/EventMetricsInput;->writeToParcel(Landroid/os/Parcel;I)V,public-api,system-api,test-api
Landroid/ondevicepersonalization/EventMetricsResult$1;->createFromParcel(Landroid/os/Parcel;)Ljava/lang/Object;,public-api,system-api,test-api
Landroid/ondevicepersonalization/EventMetricsResult$1;->newArray(I)[Ljava/lang/Object;,public-api,system-api,test-api
Landroid/ondevicepersonalization/EventMetricsResult;->describeContents()I,public-api,system-api,test-api
Landroid/ondevicepersonalization/EventMetricsResult;->equals(Ljava/lang/Object;)Z,core-platform-api,public-api,system-api,test-api
Landroid/ondevicepersonalization/EventMetricsResult;->hashCode()I,core-platform-api,public-api,system-api,test-api
Landroid/ondevicepersonalization/EventMetricsResult;->writeToParcel(Landroid/os/Parcel;I)V,public-api,system-api,test-api
Landroid/ondevicepersonalization/EventUrlOptions;->equals(Ljava/lang/Object;)Z,core-platform-api,public-api,system-api,test-api
Landroid/ondevicepersonalization/EventUrlOptions;->hashCode()I,core-platform-api,public-api,system-api,test-api
Landroid/ondevicepersonalization/Location$1;->createFromParcel(Landroid/os/Parcel;)Ljava/lang/Object;,public-api,system-api,test-api
Landroid/ondevicepersonalization/Location$1;->newArray(I)[Ljava/lang/Object;,public-api,system-api,test-api
Landroid/ondevicepersonalization/Location;->describeContents()I,public-api,system-api,test-api
Landroid/ondevicepersonalization/Location;->equals(Ljava/lang/Object;)Z,core-platform-api,public-api,system-api,test-api
Landroid/ondevicepersonalization/Location;->hashCode()I,core-platform-api,public-api,system-api,test-api
Landroid/ondevicepersonalization/Location;->writeToParcel(Landroid/os/Parcel;I)V,public-api,system-api,test-api
Landroid/ondevicepersonalization/LocationStatus$1;->createFromParcel(Landroid/os/Parcel;)Ljava/lang/Object;,public-api,system-api,test-api
Landroid/ondevicepersonalization/LocationStatus$1;->newArray(I)[Ljava/lang/Object;,public-api,system-api,test-api
Landroid/ondevicepersonalization/LocationStatus;->describeContents()I,public-api,system-api,test-api
Landroid/ondevicepersonalization/LocationStatus;->equals(Ljava/lang/Object;)Z,core-platform-api,public-api,system-api,test-api
Landroid/ondevicepersonalization/LocationStatus;->hashCode()I,core-platform-api,public-api,system-api,test-api
Landroid/ondevicepersonalization/LocationStatus;->writeToParcel(Landroid/os/Parcel;I)V,public-api,system-api,test-api
Landroid/ondevicepersonalization/Metrics$1;->createFromParcel(Landroid/os/Parcel;)Ljava/lang/Object;,public-api,system-api,test-api
Landroid/ondevicepersonalization/Metrics$1;->newArray(I)[Ljava/lang/Object;,public-api,system-api,test-api
Landroid/ondevicepersonalization/Metrics;->describeContents()I,public-api,system-api,test-api
Landroid/ondevicepersonalization/Metrics;->equals(Ljava/lang/Object;)Z,core-platform-api,public-api,system-api,test-api
Landroid/ondevicepersonalization/Metrics;->hashCode()I,core-platform-api,public-api,system-api,test-api
Landroid/ondevicepersonalization/Metrics;->writeToParcel(Landroid/os/Parcel;I)V,public-api,system-api,test-api
Landroid/ondevicepersonalization/OSVersion$1;->createFromParcel(Landroid/os/Parcel;)Ljava/lang/Object;,public-api,system-api,test-api
Landroid/ondevicepersonalization/OSVersion$1;->newArray(I)[Ljava/lang/Object;,public-api,system-api,test-api
Landroid/ondevicepersonalization/OSVersion;->describeContents()I,public-api,system-api,test-api
Landroid/ondevicepersonalization/OSVersion;->equals(Ljava/lang/Object;)Z,core-platform-api,public-api,system-api,test-api
Landroid/ondevicepersonalization/OSVersion;->hashCode()I,core-platform-api,public-api,system-api,test-api
Landroid/ondevicepersonalization/OSVersion;->writeToParcel(Landroid/os/Parcel;I)V,public-api,system-api,test-api
Landroid/ondevicepersonalization/OnDevicePersonalizationFrameworkInitializer$$ExternalSyntheticLambda0;->createService(Landroid/content/Context;)Ljava/lang/Object;,system-api,test-api
Landroid/ondevicepersonalization/OnDevicePersonalizationFrameworkInitializer$$ExternalSyntheticLambda1;->createService(Landroid/os/IBinder;)Ljava/lang/Object;,system-api,test-api
Landroid/ondevicepersonalization/OnDevicePersonalizationManager$1;->onNullBinding(Landroid/content/ComponentName;)V,public-api,system-api,test-api
Landroid/ondevicepersonalization/OnDevicePersonalizationManager$1;->onServiceConnected(Landroid/content/ComponentName;Landroid/os/IBinder;)V,public-api,system-api,test-api
Landroid/ondevicepersonalization/OnDevicePersonalizationManager$1;->onServiceDisconnected(Landroid/content/ComponentName;)V,public-api,system-api,test-api
Landroid/ondevicepersonalization/OnDevicePersonalizationManager$2$$ExternalSyntheticLambda0;->run()V,core-platform-api,public-api,system-api,test-api
Landroid/ondevicepersonalization/OnDevicePersonalizationManager$2$$ExternalSyntheticLambda1;->run()V,core-platform-api,public-api,system-api,test-api
Landroid/ondevicepersonalization/PersonalizationService$WrappedCallback;->accept(Ljava/lang/Object;)V,core-platform-api,public-api,system-api,test-api
Landroid/ondevicepersonalization/PersonalizationService;->onBind(Landroid/content/Intent;)Landroid/os/IBinder;,public-api,system-api,test-api
Landroid/ondevicepersonalization/PersonalizationService;->onCreate()V,public-api,system-api,test-api
Landroid/ondevicepersonalization/RemoteDataImpl$1$$ExternalSyntheticLambda0;->run()V,core-platform-api,public-api,system-api,test-api
Landroid/ondevicepersonalization/RemoteDataImpl$1$$ExternalSyntheticLambda1;->run()V,core-platform-api,public-api,system-api,test-api
Landroid/ondevicepersonalization/RenderContentInput$1;->createFromParcel(Landroid/os/Parcel;)Ljava/lang/Object;,public-api,system-api,test-api
Landroid/ondevicepersonalization/RenderContentInput$1;->newArray(I)[Ljava/lang/Object;,public-api,system-api,test-api
Landroid/ondevicepersonalization/RenderContentInput;->describeContents()I,public-api,system-api,test-api
Landroid/ondevicepersonalization/RenderContentInput;->equals(Ljava/lang/Object;)Z,core-platform-api,public-api,system-api,test-api
Landroid/ondevicepersonalization/RenderContentInput;->hashCode()I,core-platform-api,public-api,system-api,test-api
Landroid/ondevicepersonalization/RenderContentInput;->writeToParcel(Landroid/os/Parcel;I)V,public-api,system-api,test-api
Landroid/ondevicepersonalization/RenderContentResult$1;->createFromParcel(Landroid/os/Parcel;)Ljava/lang/Object;,public-api,system-api,test-api
Landroid/ondevicepersonalization/RenderContentResult$1;->newArray(I)[Ljava/lang/Object;,public-api,system-api,test-api
Landroid/ondevicepersonalization/RenderContentResult;->describeContents()I,public-api,system-api,test-api
Landroid/ondevicepersonalization/RenderContentResult;->equals(Ljava/lang/Object;)Z,core-platform-api,public-api,system-api,test-api
Landroid/ondevicepersonalization/RenderContentResult;->hashCode()I,core-platform-api,public-api,system-api,test-api
Landroid/ondevicepersonalization/RenderContentResult;->writeToParcel(Landroid/os/Parcel;I)V,public-api,system-api,test-api
Landroid/ondevicepersonalization/ScoredBid$1;->createFromParcel(Landroid/os/Parcel;)Ljava/lang/Object;,public-api,system-api,test-api
Landroid/ondevicepersonalization/ScoredBid$1;->newArray(I)[Ljava/lang/Object;,public-api,system-api,test-api
Landroid/ondevicepersonalization/ScoredBid;->describeContents()I,public-api,system-api,test-api
Landroid/ondevicepersonalization/ScoredBid;->equals(Ljava/lang/Object;)Z,core-platform-api,public-api,system-api,test-api
Landroid/ondevicepersonalization/ScoredBid;->hashCode()I,core-platform-api,public-api,system-api,test-api
Landroid/ondevicepersonalization/ScoredBid;->writeToParcel(Landroid/os/Parcel;I)V,public-api,system-api,test-api
Landroid/ondevicepersonalization/SelectContentInput$1;->createFromParcel(Landroid/os/Parcel;)Ljava/lang/Object;,public-api,system-api,test-api
Landroid/ondevicepersonalization/SelectContentInput$1;->newArray(I)[Ljava/lang/Object;,public-api,system-api,test-api
Landroid/ondevicepersonalization/SelectContentInput;->describeContents()I,public-api,system-api,test-api
Landroid/ondevicepersonalization/SelectContentInput;->equals(Ljava/lang/Object;)Z,core-platform-api,public-api,system-api,test-api
Landroid/ondevicepersonalization/SelectContentInput;->hashCode()I,core-platform-api,public-api,system-api,test-api
Landroid/ondevicepersonalization/SelectContentInput;->writeToParcel(Landroid/os/Parcel;I)V,public-api,system-api,test-api
Landroid/ondevicepersonalization/SelectContentResult$1;->createFromParcel(Landroid/os/Parcel;)Ljava/lang/Object;,public-api,system-api,test-api
Landroid/ondevicepersonalization/SelectContentResult$1;->newArray(I)[Ljava/lang/Object;,public-api,system-api,test-api
Landroid/ondevicepersonalization/SelectContentResult;->describeContents()I,public-api,system-api,test-api
Landroid/ondevicepersonalization/SelectContentResult;->equals(Ljava/lang/Object;)Z,core-platform-api,public-api,system-api,test-api
Landroid/ondevicepersonalization/SelectContentResult;->hashCode()I,core-platform-api,public-api,system-api,test-api
Landroid/ondevicepersonalization/SelectContentResult;->writeToParcel(Landroid/os/Parcel;I)V,public-api,system-api,test-api
Landroid/ondevicepersonalization/SlotInfo$1;->createFromParcel(Landroid/os/Parcel;)Ljava/lang/Object;,public-api,system-api,test-api
Landroid/ondevicepersonalization/SlotInfo$1;->newArray(I)[Ljava/lang/Object;,public-api,system-api,test-api
Landroid/ondevicepersonalization/SlotInfo;->describeContents()I,public-api,system-api,test-api
Landroid/ondevicepersonalization/SlotInfo;->equals(Ljava/lang/Object;)Z,core-platform-api,public-api,system-api,test-api
Landroid/ondevicepersonalization/SlotInfo;->hashCode()I,core-platform-api,public-api,system-api,test-api
Landroid/ondevicepersonalization/SlotInfo;->writeToParcel(Landroid/os/Parcel;I)V,public-api,system-api,test-api
Landroid/ondevicepersonalization/SlotResult$1;->createFromParcel(Landroid/os/Parcel;)Ljava/lang/Object;,public-api,system-api,test-api
Landroid/ondevicepersonalization/SlotResult$1;->newArray(I)[Ljava/lang/Object;,public-api,system-api,test-api
Landroid/ondevicepersonalization/SlotResult;->describeContents()I,public-api,system-api,test-api
Landroid/ondevicepersonalization/SlotResult;->equals(Ljava/lang/Object;)Z,core-platform-api,public-api,system-api,test-api
Landroid/ondevicepersonalization/SlotResult;->hashCode()I,core-platform-api,public-api,system-api,test-api
Landroid/ondevicepersonalization/SlotResult;->writeToParcel(Landroid/os/Parcel;I)V,public-api,system-api,test-api
Landroid/ondevicepersonalization/UserData$1;->createFromParcel(Landroid/os/Parcel;)Ljava/lang/Object;,public-api,system-api,test-api
Landroid/ondevicepersonalization/UserData$1;->newArray(I)[Ljava/lang/Object;,public-api,system-api,test-api
Landroid/ondevicepersonalization/UserData;->describeContents()I,public-api,system-api,test-api
Landroid/ondevicepersonalization/UserData;->equals(Ljava/lang/Object;)Z,core-platform-api,public-api,system-api,test-api
Landroid/ondevicepersonalization/UserData;->hashCode()I,core-platform-api,public-api,system-api,test-api
Landroid/ondevicepersonalization/UserData;->writeToParcel(Landroid/os/Parcel;I)V,public-api,system-api,test-api
Landroid/ondevicepersonalization/aidl/IDataAccessService$Default;->asBinder()Landroid/os/IBinder;,public-api,system-api,test-api
Landroid/ondevicepersonalization/aidl/IDataAccessService$Stub$Proxy;->asBinder()Landroid/os/IBinder;,public-api,system-api,test-api
Landroid/ondevicepersonalization/aidl/IDataAccessService$Stub;->asBinder()Landroid/os/IBinder;,public-api,system-api,test-api
Landroid/ondevicepersonalization/aidl/IDataAccessService$Stub;->onTransact(ILandroid/os/Parcel;Landroid/os/Parcel;I)Z,public-api,system-api,test-api
Landroid/ondevicepersonalization/aidl/IDataAccessServiceCallback$Default;->asBinder()Landroid/os/IBinder;,public-api,system-api,test-api
Landroid/ondevicepersonalization/aidl/IDataAccessServiceCallback$Stub$Proxy;->asBinder()Landroid/os/IBinder;,public-api,system-api,test-api
Landroid/ondevicepersonalization/aidl/IDataAccessServiceCallback$Stub;->asBinder()Landroid/os/IBinder;,public-api,system-api,test-api
Landroid/ondevicepersonalization/aidl/IDataAccessServiceCallback$Stub;->onTransact(ILandroid/os/Parcel;Landroid/os/Parcel;I)Z,public-api,system-api,test-api
Landroid/ondevicepersonalization/aidl/IOnDevicePersonalizationManagingService$Default;->asBinder()Landroid/os/IBinder;,public-api,system-api,test-api
Landroid/ondevicepersonalization/aidl/IOnDevicePersonalizationManagingService$Stub$Proxy;->asBinder()Landroid/os/IBinder;,public-api,system-api,test-api
Landroid/ondevicepersonalization/aidl/IOnDevicePersonalizationManagingService$Stub;->asBinder()Landroid/os/IBinder;,public-api,system-api,test-api
Landroid/ondevicepersonalization/aidl/IOnDevicePersonalizationManagingService$Stub;->onTransact(ILandroid/os/Parcel;Landroid/os/Parcel;I)Z,public-api,system-api,test-api
Landroid/ondevicepersonalization/aidl/IPersonalizationService$Default;->asBinder()Landroid/os/IBinder;,public-api,system-api,test-api
Landroid/ondevicepersonalization/aidl/IPersonalizationService$Stub$Proxy;->asBinder()Landroid/os/IBinder;,public-api,system-api,test-api
Landroid/ondevicepersonalization/aidl/IPersonalizationService$Stub;->asBinder()Landroid/os/IBinder;,public-api,system-api,test-api
Landroid/ondevicepersonalization/aidl/IPersonalizationService$Stub;->onTransact(ILandroid/os/Parcel;Landroid/os/Parcel;I)Z,public-api,system-api,test-api
Landroid/ondevicepersonalization/aidl/IPersonalizationServiceCallback$Default;->asBinder()Landroid/os/IBinder;,public-api,system-api,test-api
Landroid/ondevicepersonalization/aidl/IPersonalizationServiceCallback$Stub$Proxy;->asBinder()Landroid/os/IBinder;,public-api,system-api,test-api
Landroid/ondevicepersonalization/aidl/IPersonalizationServiceCallback$Stub;->asBinder()Landroid/os/IBinder;,public-api,system-api,test-api
Landroid/ondevicepersonalization/aidl/IPersonalizationServiceCallback$Stub;->onTransact(ILandroid/os/Parcel;Landroid/os/Parcel;I)Z,public-api,system-api,test-api
Landroid/ondevicepersonalization/aidl/IRequestSurfacePackageCallback$Default;->asBinder()Landroid/os/IBinder;,public-api,system-api,test-api
Landroid/ondevicepersonalization/aidl/IRequestSurfacePackageCallback$Stub$Proxy;->asBinder()Landroid/os/IBinder;,public-api,system-api,test-api
Landroid/ondevicepersonalization/aidl/IRequestSurfacePackageCallback$Stub;->asBinder()Landroid/os/IBinder;,public-api,system-api,test-api
Landroid/ondevicepersonalization/aidl/IRequestSurfacePackageCallback$Stub;->onTransact(ILandroid/os/Parcel;Landroid/os/Parcel;I)Z,public-api,system-api,test-api
Landroid/ondevicepersonalization/rtb/Banner$1;->createFromParcel(Landroid/os/Parcel;)Ljava/lang/Object;,public-api,system-api,test-api
Landroid/ondevicepersonalization/rtb/Banner$1;->newArray(I)[Ljava/lang/Object;,public-api,system-api,test-api
Landroid/ondevicepersonalization/rtb/Banner;->describeContents()I,public-api,system-api,test-api
Landroid/ondevicepersonalization/rtb/Banner;->equals(Ljava/lang/Object;)Z,core-platform-api,public-api,system-api,test-api
Landroid/ondevicepersonalization/rtb/Banner;->hashCode()I,core-platform-api,public-api,system-api,test-api
Landroid/ondevicepersonalization/rtb/Banner;->writeToParcel(Landroid/os/Parcel;I)V,public-api,system-api,test-api
Landroid/ondevicepersonalization/rtb/Bid$1;->createFromParcel(Landroid/os/Parcel;)Ljava/lang/Object;,public-api,system-api,test-api
Landroid/ondevicepersonalization/rtb/Bid$1;->newArray(I)[Ljava/lang/Object;,public-api,system-api,test-api
Landroid/ondevicepersonalization/rtb/Bid;->describeContents()I,public-api,system-api,test-api
Landroid/ondevicepersonalization/rtb/Bid;->equals(Ljava/lang/Object;)Z,core-platform-api,public-api,system-api,test-api
Landroid/ondevicepersonalization/rtb/Bid;->hashCode()I,core-platform-api,public-api,system-api,test-api
Landroid/ondevicepersonalization/rtb/Bid;->writeToParcel(Landroid/os/Parcel;I)V,public-api,system-api,test-api
Landroid/ondevicepersonalization/rtb/BidRequest$1;->createFromParcel(Landroid/os/Parcel;)Ljava/lang/Object;,public-api,system-api,test-api
Landroid/ondevicepersonalization/rtb/BidRequest$1;->newArray(I)[Ljava/lang/Object;,public-api,system-api,test-api
Landroid/ondevicepersonalization/rtb/BidRequest;->describeContents()I,public-api,system-api,test-api
Landroid/ondevicepersonalization/rtb/BidRequest;->equals(Ljava/lang/Object;)Z,core-platform-api,public-api,system-api,test-api
Landroid/ondevicepersonalization/rtb/BidRequest;->hashCode()I,core-platform-api,public-api,system-api,test-api
Landroid/ondevicepersonalization/rtb/BidRequest;->writeToParcel(Landroid/os/Parcel;I)V,public-api,system-api,test-api
Landroid/ondevicepersonalization/rtb/BidResponse$1;->createFromParcel(Landroid/os/Parcel;)Ljava/lang/Object;,public-api,system-api,test-api
Landroid/ondevicepersonalization/rtb/BidResponse$1;->newArray(I)[Ljava/lang/Object;,public-api,system-api,test-api
Landroid/ondevicepersonalization/rtb/BidResponse;->describeContents()I,public-api,system-api,test-api
Landroid/ondevicepersonalization/rtb/BidResponse;->equals(Ljava/lang/Object;)Z,core-platform-api,public-api,system-api,test-api
Landroid/ondevicepersonalization/rtb/BidResponse;->hashCode()I,core-platform-api,public-api,system-api,test-api
Landroid/ondevicepersonalization/rtb/BidResponse;->writeToParcel(Landroid/os/Parcel;I)V,public-api,system-api,test-api
Landroid/ondevicepersonalization/rtb/Imp$1;->createFromParcel(Landroid/os/Parcel;)Ljava/lang/Object;,public-api,system-api,test-api
Landroid/ondevicepersonalization/rtb/Imp$1;->newArray(I)[Ljava/lang/Object;,public-api,system-api,test-api
Landroid/ondevicepersonalization/rtb/Imp;->describeContents()I,public-api,system-api,test-api
Landroid/ondevicepersonalization/rtb/Imp;->equals(Ljava/lang/Object;)Z,core-platform-api,public-api,system-api,test-api
Landroid/ondevicepersonalization/rtb/Imp;->hashCode()I,core-platform-api,public-api,system-api,test-api
Landroid/ondevicepersonalization/rtb/Imp;->writeToParcel(Landroid/os/Parcel;I)V,public-api,system-api,test-api
Landroid/ondevicepersonalization/rtb/SeatBid$1;->createFromParcel(Landroid/os/Parcel;)Ljava/lang/Object;,public-api,system-api,test-api
Landroid/ondevicepersonalization/rtb/SeatBid$1;->newArray(I)[Ljava/lang/Object;,public-api,system-api,test-api
Landroid/ondevicepersonalization/rtb/SeatBid;->describeContents()I,public-api,system-api,test-api
Landroid/ondevicepersonalization/rtb/SeatBid;->equals(Ljava/lang/Object;)Z,core-platform-api,public-api,system-api,test-api
Landroid/ondevicepersonalization/rtb/SeatBid;->hashCode()I,core-platform-api,public-api,system-api,test-api
Landroid/ondevicepersonalization/rtb/SeatBid;->writeToParcel(Landroid/os/Parcel;I)V,public-api,system-api,test-api
