Landroid/adservices/ondevicepersonalization/AppInfo$1;->createFromParcel(Landroid/os/Parcel;)Ljava/lang/Object;,public-api,system-api,test-api
Landroid/adservices/ondevicepersonalization/AppInfo$1;->newArray(I)[Ljava/lang/Object;,public-api,system-api,test-api
Landroid/adservices/ondevicepersonalization/AppInfo;-><init>(Z)V,public-api,system-api,test-api
Landroid/adservices/ondevicepersonalization/AppInfo;->CREATOR:Landroid/os/Parcelable$Creator;,public-api,system-api,test-api
Landroid/adservices/ondevicepersonalization/AppInfo;->describeContents()I,public-api,system-api,test-api
Landroid/adservices/ondevicepersonalization/AppInfo;->equals(Ljava/lang/Object;)Z,core-platform-api,public-api,system-api,test-api
Landroid/adservices/ondevicepersonalization/AppInfo;->hashCode()I,core-platform-api,public-api,system-api,test-api
Landroid/adservices/ondevicepersonalization/AppInfo;->isInstalled()Z,public-api,system-api,test-api
Landroid/adservices/ondevicepersonalization/AppInfo;->writeToParcel(Landroid/os/Parcel;I)V,public-api,system-api,test-api
Landroid/adservices/ondevicepersonalization/CalleeMetadata$1;->createFromParcel(Landroid/os/Parcel;)Ljava/lang/Object;,public-api,system-api,test-api
Landroid/adservices/ondevicepersonalization/CalleeMetadata$1;->newArray(I)[Ljava/lang/Object;,public-api,system-api,test-api
Landroid/adservices/ondevicepersonalization/CalleeMetadata;->describeContents()I,public-api,system-api,test-api
Landroid/adservices/ondevicepersonalization/CalleeMetadata;->equals(Ljava/lang/Object;)Z,core-platform-api,public-api,system-api,test-api
Landroid/adservices/ondevicepersonalization/CalleeMetadata;->hashCode()I,core-platform-api,public-api,system-api,test-api
Landroid/adservices/ondevicepersonalization/CalleeMetadata;->writeToParcel(Landroid/os/Parcel;I)V,public-api,system-api,test-api
Landroid/adservices/ondevicepersonalization/CallerMetadata$1;->createFromParcel(Landroid/os/Parcel;)Ljava/lang/Object;,public-api,system-api,test-api
Landroid/adservices/ondevicepersonalization/CallerMetadata$1;->newArray(I)[Ljava/lang/Object;,public-api,system-api,test-api
Landroid/adservices/ondevicepersonalization/CallerMetadata;->describeContents()I,public-api,system-api,test-api
Landroid/adservices/ondevicepersonalization/CallerMetadata;->equals(Ljava/lang/Object;)Z,core-platform-api,public-api,system-api,test-api
Landroid/adservices/ondevicepersonalization/CallerMetadata;->hashCode()I,core-platform-api,public-api,system-api,test-api
Landroid/adservices/ondevicepersonalization/CallerMetadata;->writeToParcel(Landroid/os/Parcel;I)V,public-api,system-api,test-api
Landroid/adservices/ondevicepersonalization/DownloadCompletedInput;-><init>(Landroid/adservices/ondevicepersonalization/KeyValueStore;)V,public-api,system-api,test-api
Landroid/adservices/ondevicepersonalization/DownloadCompletedInput;->equals(Ljava/lang/Object;)Z,core-platform-api,public-api,system-api,test-api
Landroid/adservices/ondevicepersonalization/DownloadCompletedInput;->getDownloadedContents()Landroid/adservices/ondevicepersonalization/KeyValueStore;,public-api,system-api,test-api
Landroid/adservices/ondevicepersonalization/DownloadCompletedInput;->hashCode()I,core-platform-api,public-api,system-api,test-api
Landroid/adservices/ondevicepersonalization/DownloadCompletedOutput$Builder;-><init>()V,public-api,system-api,test-api
Landroid/adservices/ondevicepersonalization/DownloadCompletedOutput$Builder;->addRetainedKey(Ljava/lang/String;)Landroid/adservices/ondevicepersonalization/DownloadCompletedOutput$Builder;,public-api,system-api,test-api
Landroid/adservices/ondevicepersonalization/DownloadCompletedOutput$Builder;->build()Landroid/adservices/ondevicepersonalization/DownloadCompletedOutput;,public-api,system-api,test-api
Landroid/adservices/ondevicepersonalization/DownloadCompletedOutput$Builder;->setRetainedKeys(Ljava/util/List;)Landroid/adservices/ondevicepersonalization/DownloadCompletedOutput$Builder;,public-api,system-api,test-api
Landroid/adservices/ondevicepersonalization/DownloadCompletedOutput;->equals(Ljava/lang/Object;)Z,core-platform-api,public-api,system-api,test-api
Landroid/adservices/ondevicepersonalization/DownloadCompletedOutput;->getRetainedKeys()Ljava/util/List;,public-api,system-api,test-api
Landroid/adservices/ondevicepersonalization/DownloadCompletedOutput;->hashCode()I,core-platform-api,public-api,system-api,test-api
Landroid/adservices/ondevicepersonalization/DownloadCompletedOutputParcel$1;->createFromParcel(Landroid/os/Parcel;)Ljava/lang/Object;,public-api,system-api,test-api
Landroid/adservices/ondevicepersonalization/DownloadCompletedOutputParcel$1;->newArray(I)[Ljava/lang/Object;,public-api,system-api,test-api
Landroid/adservices/ondevicepersonalization/DownloadCompletedOutputParcel;->describeContents()I,public-api,system-api,test-api
Landroid/adservices/ondevicepersonalization/DownloadCompletedOutputParcel;->writeToParcel(Landroid/os/Parcel;I)V,public-api,system-api,test-api
Landroid/adservices/ondevicepersonalization/DownloadInputParcel$1;->createFromParcel(Landroid/os/Parcel;)Ljava/lang/Object;,public-api,system-api,test-api
Landroid/adservices/ondevicepersonalization/DownloadInputParcel$1;->newArray(I)[Ljava/lang/Object;,public-api,system-api,test-api
Landroid/adservices/ondevicepersonalization/DownloadInputParcel;->describeContents()I,public-api,system-api,test-api
Landroid/adservices/ondevicepersonalization/DownloadInputParcel;->equals(Ljava/lang/Object;)Z,core-platform-api,public-api,system-api,test-api
Landroid/adservices/ondevicepersonalization/DownloadInputParcel;->hashCode()I,core-platform-api,public-api,system-api,test-api
Landroid/adservices/ondevicepersonalization/DownloadInputParcel;->writeToParcel(Landroid/os/Parcel;I)V,public-api,system-api,test-api
Landroid/adservices/ondevicepersonalization/EventInput;-><init>(Landroid/adservices/ondevicepersonalization/RequestLogRecord;Landroid/os/PersistableBundle;)V,public-api,system-api,test-api
Landroid/adservices/ondevicepersonalization/EventInput;->equals(Ljava/lang/Object;)Z,core-platform-api,public-api,system-api,test-api
Landroid/adservices/ondevicepersonalization/EventInput;->getParameters()Landroid/os/PersistableBundle;,public-api,system-api,test-api
Landroid/adservices/ondevicepersonalization/EventInput;->getRequestLogRecord()Landroid/adservices/ondevicepersonalization/RequestLogRecord;,public-api,system-api,test-api
Landroid/adservices/ondevicepersonalization/EventInput;->hashCode()I,core-platform-api,public-api,system-api,test-api
Landroid/adservices/ondevicepersonalization/EventInputParcel$1;->createFromParcel(Landroid/os/Parcel;)Ljava/lang/Object;,public-api,system-api,test-api
Landroid/adservices/ondevicepersonalization/EventInputParcel$1;->newArray(I)[Ljava/lang/Object;,public-api,system-api,test-api
Landroid/adservices/ondevicepersonalization/EventInputParcel;->describeContents()I,public-api,system-api,test-api
Landroid/adservices/ondevicepersonalization/EventInputParcel;->writeToParcel(Landroid/os/Parcel;I)V,public-api,system-api,test-api
Landroid/adservices/ondevicepersonalization/EventLogRecord$1;->createFromParcel(Landroid/os/Parcel;)Ljava/lang/Object;,public-api,system-api,test-api
Landroid/adservices/ondevicepersonalization/EventLogRecord$1;->newArray(I)[Ljava/lang/Object;,public-api,system-api,test-api
Landroid/adservices/ondevicepersonalization/EventLogRecord$Builder;-><init>()V,public-api,system-api,test-api
Landroid/adservices/ondevicepersonalization/EventLogRecord$Builder;->build()Landroid/adservices/ondevicepersonalization/EventLogRecord;,public-api,system-api,test-api
Landroid/adservices/ondevicepersonalization/EventLogRecord$Builder;->setData(Landroid/content/ContentValues;)Landroid/adservices/ondevicepersonalization/EventLogRecord$Builder;,public-api,system-api,test-api
Landroid/adservices/ondevicepersonalization/EventLogRecord$Builder;->setRequestLogRecord(Landroid/adservices/ondevicepersonalization/RequestLogRecord;)Landroid/adservices/ondevicepersonalization/EventLogRecord$Builder;,public-api,system-api,test-api
Landroid/adservices/ondevicepersonalization/EventLogRecord$Builder;->setRowIndex(I)Landroid/adservices/ondevicepersonalization/EventLogRecord$Builder;,public-api,system-api,test-api
Landroid/adservices/ondevicepersonalization/EventLogRecord$Builder;->setType(I)Landroid/adservices/ondevicepersonalization/EventLogRecord$Builder;,public-api,system-api,test-api
Landroid/adservices/ondevicepersonalization/EventLogRecord;->CREATOR:Landroid/os/Parcelable$Creator;,public-api,system-api,test-api
Landroid/adservices/ondevicepersonalization/EventLogRecord;->describeContents()I,public-api,system-api,test-api
Landroid/adservices/ondevicepersonalization/EventLogRecord;->equals(Ljava/lang/Object;)Z,core-platform-api,public-api,system-api,test-api
Landroid/adservices/ondevicepersonalization/EventLogRecord;->getData()Landroid/content/ContentValues;,public-api,system-api,test-api
Landroid/adservices/ondevicepersonalization/EventLogRecord;->getRequestLogRecord()Landroid/adservices/ondevicepersonalization/RequestLogRecord;,public-api,system-api,test-api
Landroid/adservices/ondevicepersonalization/EventLogRecord;->getRowIndex()I,public-api,system-api,test-api
Landroid/adservices/ondevicepersonalization/EventLogRecord;->getTime()Ljava/time/Instant;,public-api,system-api,test-api
Landroid/adservices/ondevicepersonalization/EventLogRecord;->getType()I,public-api,system-api,test-api
Landroid/adservices/ondevicepersonalization/EventLogRecord;->hashCode()I,core-platform-api,public-api,system-api,test-api
Landroid/adservices/ondevicepersonalization/EventLogRecord;->writeToParcel(Landroid/os/Parcel;I)V,public-api,system-api,test-api
Landroid/adservices/ondevicepersonalization/EventOutput$Builder;-><init>()V,public-api,system-api,test-api
Landroid/adservices/ondevicepersonalization/EventOutput$Builder;->build()Landroid/adservices/ondevicepersonalization/EventOutput;,public-api,system-api,test-api
Landroid/adservices/ondevicepersonalization/EventOutput$Builder;->setEventLogRecord(Landroid/adservices/ondevicepersonalization/EventLogRecord;)Landroid/adservices/ondevicepersonalization/EventOutput$Builder;,public-api,system-api,test-api
Landroid/adservices/ondevicepersonalization/EventOutput;->equals(Ljava/lang/Object;)Z,core-platform-api,public-api,system-api,test-api
Landroid/adservices/ondevicepersonalization/EventOutput;->getEventLogRecord()Landroid/adservices/ondevicepersonalization/EventLogRecord;,public-api,system-api,test-api
Landroid/adservices/ondevicepersonalization/EventOutput;->hashCode()I,core-platform-api,public-api,system-api,test-api
Landroid/adservices/ondevicepersonalization/EventOutputParcel$1;->createFromParcel(Landroid/os/Parcel;)Ljava/lang/Object;,public-api,system-api,test-api
Landroid/adservices/ondevicepersonalization/EventOutputParcel$1;->newArray(I)[Ljava/lang/Object;,public-api,system-api,test-api
Landroid/adservices/ondevicepersonalization/EventOutputParcel;->describeContents()I,public-api,system-api,test-api
Landroid/adservices/ondevicepersonalization/EventOutputParcel;->writeToParcel(Landroid/os/Parcel;I)V,public-api,system-api,test-api
Landroid/adservices/ondevicepersonalization/EventUrlProvider;->createEventTrackingUrlWithRedirect(Landroid/os/PersistableBundle;Landroid/net/Uri;)Landroid/net/Uri;,public-api,system-api,test-api
Landroid/adservices/ondevicepersonalization/EventUrlProvider;->createEventTrackingUrlWithResponse(Landroid/os/PersistableBundle;[BLjava/lang/String;)Landroid/net/Uri;,public-api,system-api,test-api
Landroid/adservices/ondevicepersonalization/ExecuteInIsolatedServiceRequest$Builder;-><init>(Landroid/content/ComponentName;)V,public-api,system-api,test-api
Landroid/adservices/ondevicepersonalization/ExecuteInIsolatedServiceRequest$Builder;->build()Landroid/adservices/ondevicepersonalization/ExecuteInIsolatedServiceRequest;,public-api,system-api,test-api
Landroid/adservices/ondevicepersonalization/ExecuteInIsolatedServiceRequest$Builder;->setAppParams(Landroid/os/PersistableBundle;)Landroid/adservices/ondevicepersonalization/ExecuteInIsolatedServiceRequest$Builder;,public-api,system-api,test-api
Landroid/adservices/ondevicepersonalization/ExecuteInIsolatedServiceRequest$Builder;->setOutputSpec(Landroid/adservices/ondevicepersonalization/ExecuteInIsolatedServiceRequest$OutputSpec;)Landroid/adservices/ondevicepersonalization/ExecuteInIsolatedServiceRequest$Builder;,public-api,system-api,test-api
Landroid/adservices/ondevicepersonalization/ExecuteInIsolatedServiceRequest$OutputSpec;->DEFAULT:Landroid/adservices/ondevicepersonalization/ExecuteInIsolatedServiceRequest$OutputSpec;,public-api,system-api,test-api
Landroid/adservices/ondevicepersonalization/ExecuteInIsolatedServiceRequest$OutputSpec;->OUTPUT_TYPE_BEST_VALUE:I,public-api,system-api,test-api
Landroid/adservices/ondevicepersonalization/ExecuteInIsolatedServiceRequest$OutputSpec;->OUTPUT_TYPE_NULL:I,public-api,system-api,test-api
Landroid/adservices/ondevicepersonalization/ExecuteInIsolatedServiceRequest$OutputSpec;->buildBestValueSpec(I)Landroid/adservices/ondevicepersonalization/ExecuteInIsolatedServiceRequest$OutputSpec;,public-api,system-api,test-api
Landroid/adservices/ondevicepersonalization/ExecuteInIsolatedServiceRequest$OutputSpec;->getMaxIntValue()I,public-api,system-api,test-api
Landroid/adservices/ondevicepersonalization/ExecuteInIsolatedServiceRequest$OutputSpec;->getOutputType()I,public-api,system-api,test-api
Landroid/adservices/ondevicepersonalization/ExecuteInIsolatedServiceRequest;->equals(Ljava/lang/Object;)Z,core-platform-api,public-api,system-api,test-api
Landroid/adservices/ondevicepersonalization/ExecuteInIsolatedServiceRequest;->getAppParams()Landroid/os/PersistableBundle;,public-api,system-api,test-api
Landroid/adservices/ondevicepersonalization/ExecuteInIsolatedServiceRequest;->getOutputSpec()Landroid/adservices/ondevicepersonalization/ExecuteInIsolatedServiceRequest$OutputSpec;,public-api,system-api,test-api
Landroid/adservices/ondevicepersonalization/ExecuteInIsolatedServiceRequest;->getService()Landroid/content/ComponentName;,public-api,system-api,test-api
Landroid/adservices/ondevicepersonalization/ExecuteInIsolatedServiceRequest;->hashCode()I,core-platform-api,public-api,system-api,test-api
Landroid/adservices/ondevicepersonalization/ExecuteInIsolatedServiceResponse;-><init>(Landroid/adservices/ondevicepersonalization/SurfacePackageToken;I)V,public-api,system-api,test-api
Landroid/adservices/ondevicepersonalization/ExecuteInIsolatedServiceResponse;->DEFAULT_BEST_VALUE:I,public-api,system-api,test-api
Landroid/adservices/ondevicepersonalization/ExecuteInIsolatedServiceResponse;->getBestValue()I,public-api,system-api,test-api
Landroid/adservices/ondevicepersonalization/ExecuteInIsolatedServiceResponse;->getSurfacePackageToken()Landroid/adservices/ondevicepersonalization/SurfacePackageToken;,public-api,system-api,test-api
Landroid/adservices/ondevicepersonalization/ExecuteInput;-><init>(Ljava/lang/String;Landroid/os/PersistableBundle;)V,public-api,system-api,test-api
Landroid/adservices/ondevicepersonalization/ExecuteInput;->getAppPackageName()Ljava/lang/String;,public-api,system-api,test-api
Landroid/adservices/ondevicepersonalization/ExecuteInput;->getAppParams()Landroid/os/PersistableBundle;,public-api,system-api,test-api
Landroid/adservices/ondevicepersonalization/ExecuteInputParcel$1;->createFromParcel(Landroid/os/Parcel;)Ljava/lang/Object;,public-api,system-api,test-api
Landroid/adservices/ondevicepersonalization/ExecuteInputParcel$1;->newArray(I)[Ljava/lang/Object;,public-api,system-api,test-api
Landroid/adservices/ondevicepersonalization/ExecuteInputParcel;->describeContents()I,public-api,system-api,test-api
Landroid/adservices/ondevicepersonalization/ExecuteInputParcel;->writeToParcel(Landroid/os/Parcel;I)V,public-api,system-api,test-api
Landroid/adservices/ondevicepersonalization/ExecuteOptionsParcel$1;->createFromParcel(Landroid/os/Parcel;)Ljava/lang/Object;,public-api,system-api,test-api
Landroid/adservices/ondevicepersonalization/ExecuteOptionsParcel$1;->newArray(I)[Ljava/lang/Object;,public-api,system-api,test-api
Landroid/adservices/ondevicepersonalization/ExecuteOptionsParcel;->describeContents()I,public-api,system-api,test-api
Landroid/adservices/ondevicepersonalization/ExecuteOptionsParcel;->writeToParcel(Landroid/os/Parcel;I)V,public-api,system-api,test-api
Landroid/adservices/ondevicepersonalization/ExecuteOutput$Builder;-><init>()V,public-api,system-api,test-api
Landroid/adservices/ondevicepersonalization/ExecuteOutput$Builder;->addEventLogRecord(Landroid/adservices/ondevicepersonalization/EventLogRecord;)Landroid/adservices/ondevicepersonalization/ExecuteOutput$Builder;,public-api,system-api,test-api
Landroid/adservices/ondevicepersonalization/ExecuteOutput$Builder;->build()Landroid/adservices/ondevicepersonalization/ExecuteOutput;,public-api,system-api,test-api
Landroid/adservices/ondevicepersonalization/ExecuteOutput$Builder;->setBestValue(I)Landroid/adservices/ondevicepersonalization/ExecuteOutput$Builder;,public-api,system-api,test-api
Landroid/adservices/ondevicepersonalization/ExecuteOutput$Builder;->setEventLogRecords(Ljava/util/List;)Landroid/adservices/ondevicepersonalization/ExecuteOutput$Builder;,public-api,system-api,test-api
Landroid/adservices/ondevicepersonalization/ExecuteOutput$Builder;->setOutputData([B)Landroid/adservices/ondevicepersonalization/ExecuteOutput$Builder;,public-api,system-api,test-api
Landroid/adservices/ondevicepersonalization/ExecuteOutput$Builder;->setRenderingConfig(Landroid/adservices/ondevicepersonalization/RenderingConfig;)Landroid/adservices/ondevicepersonalization/ExecuteOutput$Builder;,public-api,system-api,test-api
Landroid/adservices/ondevicepersonalization/ExecuteOutput$Builder;->setRequestLogRecord(Landroid/adservices/ondevicepersonalization/RequestLogRecord;)Landroid/adservices/ondevicepersonalization/ExecuteOutput$Builder;,public-api,system-api,test-api
Landroid/adservices/ondevicepersonalization/ExecuteOutput;->equals(Ljava/lang/Object;)Z,core-platform-api,public-api,system-api,test-api
Landroid/adservices/ondevicepersonalization/ExecuteOutput;->getBestValue()I,public-api,system-api,test-api
Landroid/adservices/ondevicepersonalization/ExecuteOutput;->getEventLogRecords()Ljava/util/List;,public-api,system-api,test-api
Landroid/adservices/ondevicepersonalization/ExecuteOutput;->getOutputData()[B,public-api,system-api,test-api
Landroid/adservices/ondevicepersonalization/ExecuteOutput;->getRenderingConfig()Landroid/adservices/ondevicepersonalization/RenderingConfig;,public-api,system-api,test-api
Landroid/adservices/ondevicepersonalization/ExecuteOutput;->getRequestLogRecord()Landroid/adservices/ondevicepersonalization/RequestLogRecord;,public-api,system-api,test-api
Landroid/adservices/ondevicepersonalization/ExecuteOutput;->hashCode()I,core-platform-api,public-api,system-api,test-api
Landroid/adservices/ondevicepersonalization/ExecuteOutputParcel$1;->createFromParcel(Landroid/os/Parcel;)Ljava/lang/Object;,public-api,system-api,test-api
Landroid/adservices/ondevicepersonalization/ExecuteOutputParcel$1;->newArray(I)[Ljava/lang/Object;,public-api,system-api,test-api
Landroid/adservices/ondevicepersonalization/ExecuteOutputParcel;->describeContents()I,public-api,system-api,test-api
Landroid/adservices/ondevicepersonalization/ExecuteOutputParcel;->writeToParcel(Landroid/os/Parcel;I)V,public-api,system-api,test-api
Landroid/adservices/ondevicepersonalization/FederatedComputeInput$Builder;-><init>()V,public-api,system-api,test-api
Landroid/adservices/ondevicepersonalization/FederatedComputeInput$Builder;->build()Landroid/adservices/ondevicepersonalization/FederatedComputeInput;,public-api,system-api,test-api
Landroid/adservices/ondevicepersonalization/FederatedComputeInput$Builder;->setPopulationName(Ljava/lang/String;)Landroid/adservices/ondevicepersonalization/FederatedComputeInput$Builder;,public-api,system-api,test-api
Landroid/adservices/ondevicepersonalization/FederatedComputeInput;->equals(Ljava/lang/Object;)Z,core-platform-api,public-api,system-api,test-api
Landroid/adservices/ondevicepersonalization/FederatedComputeInput;->getPopulationName()Ljava/lang/String;,public-api,system-api,test-api
Landroid/adservices/ondevicepersonalization/FederatedComputeInput;->hashCode()I,core-platform-api,public-api,system-api,test-api
Landroid/adservices/ondevicepersonalization/FederatedComputeScheduleRequest;->equals(Ljava/lang/Object;)Z,core-platform-api,public-api,system-api,test-api
Landroid/adservices/ondevicepersonalization/FederatedComputeScheduleRequest;->hashCode()I,core-platform-api,public-api,system-api,test-api
Landroid/adservices/ondevicepersonalization/FederatedComputeScheduleResponse;->equals(Ljava/lang/Object;)Z,core-platform-api,public-api,system-api,test-api
Landroid/adservices/ondevicepersonalization/FederatedComputeScheduleResponse;->hashCode()I,core-platform-api,public-api,system-api,test-api
Landroid/adservices/ondevicepersonalization/FederatedComputeScheduler$Params;-><init>(Landroid/adservices/ondevicepersonalization/TrainingInterval;)V,public-api,system-api,test-api
Landroid/adservices/ondevicepersonalization/FederatedComputeScheduler$Params;->getTrainingInterval()Landroid/adservices/ondevicepersonalization/TrainingInterval;,public-api,system-api,test-api
Landroid/adservices/ondevicepersonalization/FederatedComputeScheduler;->cancel(Landroid/adservices/ondevicepersonalization/FederatedComputeInput;)V,public-api,system-api,test-api
Landroid/adservices/ondevicepersonalization/FederatedComputeScheduler;->schedule(Landroid/adservices/ondevicepersonalization/FederatedComputeScheduler$Params;Landroid/adservices/ondevicepersonalization/FederatedComputeInput;)V,public-api,system-api,test-api
Landroid/adservices/ondevicepersonalization/InferenceInput$Builder;-><init>(Landroid/adservices/ondevicepersonalization/InferenceInput$Params;[Ljava/lang/Object;Landroid/adservices/ondevicepersonalization/InferenceOutput;)V,public-api,system-api,test-api
Landroid/adservices/ondevicepersonalization/InferenceInput$Builder;->build()Landroid/adservices/ondevicepersonalization/InferenceInput;,public-api,system-api,test-api
Landroid/adservices/ondevicepersonalization/InferenceInput$Builder;->setBatchSize(I)Landroid/adservices/ondevicepersonalization/InferenceInput$Builder;,public-api,system-api,test-api
Landroid/adservices/ondevicepersonalization/InferenceInput$Builder;->setExpectedOutputStructure(Landroid/adservices/ondevicepersonalization/InferenceOutput;)Landroid/adservices/ondevicepersonalization/InferenceInput$Builder;,public-api,system-api,test-api
Landroid/adservices/ondevicepersonalization/InferenceInput$Builder;->setInputData([Ljava/lang/Object;)Landroid/adservices/ondevicepersonalization/InferenceInput$Builder;,public-api,system-api,test-api
Landroid/adservices/ondevicepersonalization/InferenceInput$Builder;->setParams(Landroid/adservices/ondevicepersonalization/InferenceInput$Params;)Landroid/adservices/ondevicepersonalization/InferenceInput$Builder;,public-api,system-api,test-api
Landroid/adservices/ondevicepersonalization/InferenceInput$Params$Builder;-><init>(Landroid/adservices/ondevicepersonalization/KeyValueStore;Ljava/lang/String;)V,public-api,system-api,test-api
Landroid/adservices/ondevicepersonalization/InferenceInput$Params$Builder;->build()Landroid/adservices/ondevicepersonalization/InferenceInput$Params;,public-api,system-api,test-api
Landroid/adservices/ondevicepersonalization/InferenceInput$Params$Builder;->setDelegateType(I)Landroid/adservices/ondevicepersonalization/InferenceInput$Params$Builder;,public-api,system-api,test-api
Landroid/adservices/ondevicepersonalization/InferenceInput$Params$Builder;->setKeyValueStore(Landroid/adservices/ondevicepersonalization/KeyValueStore;)Landroid/adservices/ondevicepersonalization/InferenceInput$Params$Builder;,public-api,system-api,test-api
Landroid/adservices/ondevicepersonalization/InferenceInput$Params$Builder;->setModelKey(Ljava/lang/String;)Landroid/adservices/ondevicepersonalization/InferenceInput$Params$Builder;,public-api,system-api,test-api
Landroid/adservices/ondevicepersonalization/InferenceInput$Params$Builder;->setModelType(I)Landroid/adservices/ondevicepersonalization/InferenceInput$Params$Builder;,public-api,system-api,test-api
Landroid/adservices/ondevicepersonalization/InferenceInput$Params$Builder;->setRecommendedNumThreads(I)Landroid/adservices/ondevicepersonalization/InferenceInput$Params$Builder;,public-api,system-api,test-api
Landroid/adservices/ondevicepersonalization/InferenceInput$Params;->DELEGATE_CPU:I,public-api,system-api,test-api
Landroid/adservices/ondevicepersonalization/InferenceInput$Params;->MODEL_TYPE_TENSORFLOW_LITE:I,public-api,system-api,test-api
Landroid/adservices/ondevicepersonalization/InferenceInput$Params;->equals(Ljava/lang/Object;)Z,core-platform-api,public-api,system-api,test-api
Landroid/adservices/ondevicepersonalization/InferenceInput$Params;->getDelegateType()I,public-api,system-api,test-api
Landroid/adservices/ondevicepersonalization/InferenceInput$Params;->getKeyValueStore()Landroid/adservices/ondevicepersonalization/KeyValueStore;,public-api,system-api,test-api
Landroid/adservices/ondevicepersonalization/InferenceInput$Params;->getModelKey()Ljava/lang/String;,public-api,system-api,test-api
Landroid/adservices/ondevicepersonalization/InferenceInput$Params;->getModelType()I,public-api,system-api,test-api
Landroid/adservices/ondevicepersonalization/InferenceInput$Params;->getRecommendedNumThreads()I,public-api,system-api,test-api
Landroid/adservices/ondevicepersonalization/InferenceInput$Params;->hashCode()I,core-platform-api,public-api,system-api,test-api
Landroid/adservices/ondevicepersonalization/InferenceInput;->equals(Ljava/lang/Object;)Z,core-platform-api,public-api,system-api,test-api
Landroid/adservices/ondevicepersonalization/InferenceInput;->getBatchSize()I,public-api,system-api,test-api
Landroid/adservices/ondevicepersonalization/InferenceInput;->getExpectedOutputStructure()Landroid/adservices/ondevicepersonalization/InferenceOutput;,public-api,system-api,test-api
Landroid/adservices/ondevicepersonalization/InferenceInput;->getInputData()[Ljava/lang/Object;,public-api,system-api,test-api
Landroid/adservices/ondevicepersonalization/InferenceInput;->getParams()Landroid/adservices/ondevicepersonalization/InferenceInput$Params;,public-api,system-api,test-api
Landroid/adservices/ondevicepersonalization/InferenceInput;->hashCode()I,core-platform-api,public-api,system-api,test-api
Landroid/adservices/ondevicepersonalization/InferenceInputParcel$1;->createFromParcel(Landroid/os/Parcel;)Ljava/lang/Object;,public-api,system-api,test-api
Landroid/adservices/ondevicepersonalization/InferenceInputParcel$1;->newArray(I)[Ljava/lang/Object;,public-api,system-api,test-api
Landroid/adservices/ondevicepersonalization/InferenceInputParcel;->describeContents()I,public-api,system-api,test-api
Landroid/adservices/ondevicepersonalization/InferenceInputParcel;->writeToParcel(Landroid/os/Parcel;I)V,public-api,system-api,test-api
Landroid/adservices/ondevicepersonalization/InferenceOutput$Builder;-><init>()V,public-api,system-api,test-api
Landroid/adservices/ondevicepersonalization/InferenceOutput$Builder;->addDataOutput(ILjava/lang/Object;)Landroid/adservices/ondevicepersonalization/InferenceOutput$Builder;,public-api,system-api,test-api
Landroid/adservices/ondevicepersonalization/InferenceOutput$Builder;->build()Landroid/adservices/ondevicepersonalization/InferenceOutput;,public-api,system-api,test-api
Landroid/adservices/ondevicepersonalization/InferenceOutput$Builder;->setDataOutputs(Ljava/util/Map;)Landroid/adservices/ondevicepersonalization/InferenceOutput$Builder;,public-api,system-api,test-api
Landroid/adservices/ondevicepersonalization/InferenceOutput;->equals(Ljava/lang/Object;)Z,core-platform-api,public-api,system-api,test-api
Landroid/adservices/ondevicepersonalization/InferenceOutput;->getDataOutputs()Ljava/util/Map;,public-api,system-api,test-api
Landroid/adservices/ondevicepersonalization/InferenceOutput;->hashCode()I,core-platform-api,public-api,system-api,test-api
Landroid/adservices/ondevicepersonalization/InferenceOutputParcel$1;->createFromParcel(Landroid/os/Parcel;)Ljava/lang/Object;,public-api,system-api,test-api
Landroid/adservices/ondevicepersonalization/InferenceOutputParcel$1;->newArray(I)[Ljava/lang/Object;,public-api,system-api,test-api
Landroid/adservices/ondevicepersonalization/InferenceOutputParcel;->describeContents()I,public-api,system-api,test-api
Landroid/adservices/ondevicepersonalization/InferenceOutputParcel;->writeToParcel(Landroid/os/Parcel;I)V,public-api,system-api,test-api
Landroid/adservices/ondevicepersonalization/IsolatedService$ServiceBinder$$ExternalSyntheticLambda0;->get()Ljava/lang/Object;,core-platform-api,public-api,system-api,test-api
Landroid/adservices/ondevicepersonalization/IsolatedService$ServiceBinder$$ExternalSyntheticLambda10;->get()Ljava/lang/Object;,core-platform-api,public-api,system-api,test-api
Landroid/adservices/ondevicepersonalization/IsolatedService$ServiceBinder$$ExternalSyntheticLambda11;->apply(Ljava/lang/Object;)Ljava/lang/Object;,core-platform-api,public-api,system-api,test-api
Landroid/adservices/ondevicepersonalization/IsolatedService$ServiceBinder$$ExternalSyntheticLambda12;->get()Ljava/lang/Object;,core-platform-api,public-api,system-api,test-api
Landroid/adservices/ondevicepersonalization/IsolatedService$ServiceBinder$$ExternalSyntheticLambda13;->apply(Ljava/lang/Object;)Ljava/lang/Object;,core-platform-api,public-api,system-api,test-api
Landroid/adservices/ondevicepersonalization/IsolatedService$ServiceBinder$$ExternalSyntheticLambda14;->get()Ljava/lang/Object;,core-platform-api,public-api,system-api,test-api
Landroid/adservices/ondevicepersonalization/IsolatedService$ServiceBinder$$ExternalSyntheticLambda1;->get()Ljava/lang/Object;,core-platform-api,public-api,system-api,test-api
Landroid/adservices/ondevicepersonalization/IsolatedService$ServiceBinder$$ExternalSyntheticLambda2;->apply(Ljava/lang/Object;)Ljava/lang/Object;,core-platform-api,public-api,system-api,test-api
Landroid/adservices/ondevicepersonalization/IsolatedService$ServiceBinder$$ExternalSyntheticLambda3;->get()Ljava/lang/Object;,core-platform-api,public-api,system-api,test-api
Landroid/adservices/ondevicepersonalization/IsolatedService$ServiceBinder$$ExternalSyntheticLambda4;->apply(Ljava/lang/Object;)Ljava/lang/Object;,core-platform-api,public-api,system-api,test-api
Landroid/adservices/ondevicepersonalization/IsolatedService$ServiceBinder$$ExternalSyntheticLambda5;->get()Ljava/lang/Object;,core-platform-api,public-api,system-api,test-api
Landroid/adservices/ondevicepersonalization/IsolatedService$ServiceBinder$$ExternalSyntheticLambda6;->get()Ljava/lang/Object;,core-platform-api,public-api,system-api,test-api
Landroid/adservices/ondevicepersonalization/IsolatedService$ServiceBinder$$ExternalSyntheticLambda7;->apply(Ljava/lang/Object;)Ljava/lang/Object;,core-platform-api,public-api,system-api,test-api
Landroid/adservices/ondevicepersonalization/IsolatedService$ServiceBinder$$ExternalSyntheticLambda8;->get()Ljava/lang/Object;,core-platform-api,public-api,system-api,test-api
Landroid/adservices/ondevicepersonalization/IsolatedService$ServiceBinder$$ExternalSyntheticLambda9;->apply(Ljava/lang/Object;)Ljava/lang/Object;,core-platform-api,public-api,system-api,test-api
Landroid/adservices/ondevicepersonalization/IsolatedService$WrappedCallback;->onError(Ljava/lang/Throwable;)V,public-api,system-api,test-api
Landroid/adservices/ondevicepersonalization/IsolatedService$WrappedCallback;->onResult(Ljava/lang/Object;)V,public-api,system-api,test-api
Landroid/adservices/ondevicepersonalization/IsolatedService;-><init>()V,public-api,system-api,test-api
Landroid/adservices/ondevicepersonalization/IsolatedService;->getEventUrlProvider(Landroid/adservices/ondevicepersonalization/RequestToken;)Landroid/adservices/ondevicepersonalization/EventUrlProvider;,public-api,system-api,test-api
Landroid/adservices/ondevicepersonalization/IsolatedService;->getFederatedComputeScheduler(Landroid/adservices/ondevicepersonalization/RequestToken;)Landroid/adservices/ondevicepersonalization/FederatedComputeScheduler;,public-api,system-api,test-api
Landroid/adservices/ondevicepersonalization/IsolatedService;->getLocalData(Landroid/adservices/ondevicepersonalization/RequestToken;)Landroid/adservices/ondevicepersonalization/MutableKeyValueStore;,public-api,system-api,test-api
Landroid/adservices/ondevicepersonalization/IsolatedService;->getLogReader(Landroid/adservices/ondevicepersonalization/RequestToken;)Landroid/adservices/ondevicepersonalization/LogReader;,public-api,system-api,test-api
Landroid/adservices/ondevicepersonalization/IsolatedService;->getModelManager(Landroid/adservices/ondevicepersonalization/RequestToken;)Landroid/adservices/ondevicepersonalization/ModelManager;,public-api,system-api,test-api
Landroid/adservices/ondevicepersonalization/IsolatedService;->getRemoteData(Landroid/adservices/ondevicepersonalization/RequestToken;)Landroid/adservices/ondevicepersonalization/KeyValueStore;,public-api,system-api,test-api
Landroid/adservices/ondevicepersonalization/IsolatedService;->getUserData(Landroid/adservices/ondevicepersonalization/RequestToken;)Landroid/adservices/ondevicepersonalization/UserData;,public-api,system-api,test-api
Landroid/adservices/ondevicepersonalization/IsolatedService;->onBind(Landroid/content/Intent;)Landroid/os/IBinder;,public-api,system-api,test-api
Landroid/adservices/ondevicepersonalization/IsolatedService;->onCreate()V,public-api,system-api,test-api
Landroid/adservices/ondevicepersonalization/IsolatedService;->onRequest(Landroid/adservices/ondevicepersonalization/RequestToken;)Landroid/adservices/ondevicepersonalization/IsolatedWorker;,public-api,system-api,test-api
Landroid/adservices/ondevicepersonalization/IsolatedServiceException;-><init>(I)V,public-api,system-api,test-api
Landroid/adservices/ondevicepersonalization/IsolatedServiceException;-><init>(ILjava/lang/String;Ljava/lang/Throwable;)V,public-api,system-api,test-api
Landroid/adservices/ondevicepersonalization/IsolatedServiceException;-><init>(ILjava/lang/Throwable;)V,public-api,system-api,test-api
Landroid/adservices/ondevicepersonalization/IsolatedServiceException;->getErrorCode()I,public-api,system-api,test-api
Landroid/adservices/ondevicepersonalization/IsolatedWorker;->onDownloadCompleted(Landroid/adservices/ondevicepersonalization/DownloadCompletedInput;Landroid/os/OutcomeReceiver;)V,public-api,system-api,test-api
Landroid/adservices/ondevicepersonalization/IsolatedWorker;->onEvent(Landroid/adservices/ondevicepersonalization/EventInput;Landroid/os/OutcomeReceiver;)V,public-api,system-api,test-api
Landroid/adservices/ondevicepersonalization/IsolatedWorker;->onExecute(Landroid/adservices/ondevicepersonalization/ExecuteInput;Landroid/os/OutcomeReceiver;)V,public-api,system-api,test-api
Landroid/adservices/ondevicepersonalization/IsolatedWorker;->onRender(Landroid/adservices/ondevicepersonalization/RenderInput;Landroid/os/OutcomeReceiver;)V,public-api,system-api,test-api
Landroid/adservices/ondevicepersonalization/IsolatedWorker;->onTrainingExamples(Landroid/adservices/ondevicepersonalization/TrainingExamplesInput;Landroid/os/OutcomeReceiver;)V,public-api,system-api,test-api
Landroid/adservices/ondevicepersonalization/IsolatedWorker;->onWebTrigger(Landroid/adservices/ondevicepersonalization/WebTriggerInput;Landroid/os/OutcomeReceiver;)V,public-api,system-api,test-api
Landroid/adservices/ondevicepersonalization/JoinedLogRecord$1;->createFromParcel(Landroid/os/Parcel;)Ljava/lang/Object;,public-api,system-api,test-api
Landroid/adservices/ondevicepersonalization/JoinedLogRecord$1;->newArray(I)[Ljava/lang/Object;,public-api,system-api,test-api
Landroid/adservices/ondevicepersonalization/JoinedLogRecord;->describeContents()I,public-api,system-api,test-api
Landroid/adservices/ondevicepersonalization/JoinedLogRecord;->equals(Ljava/lang/Object;)Z,core-platform-api,public-api,system-api,test-api
Landroid/adservices/ondevicepersonalization/JoinedLogRecord;->hashCode()I,core-platform-api,public-api,system-api,test-api
Landroid/adservices/ondevicepersonalization/JoinedLogRecord;->writeToParcel(Landroid/os/Parcel;I)V,public-api,system-api,test-api
Landroid/adservices/ondevicepersonalization/KeyValueStore;->get(Ljava/lang/String;)[B,public-api,system-api,test-api
Landroid/adservices/ondevicepersonalization/KeyValueStore;->keySet()Ljava/util/Set;,public-api,system-api,test-api
Landroid/adservices/ondevicepersonalization/LocalDataImpl;->get(Ljava/lang/String;)[B,public-api,system-api,test-api
Landroid/adservices/ondevicepersonalization/LocalDataImpl;->keySet()Ljava/util/Set;,public-api,system-api,test-api
Landroid/adservices/ondevicepersonalization/LocalDataImpl;->put(Ljava/lang/String;[B)[B,public-api,system-api,test-api
Landroid/adservices/ondevicepersonalization/LocalDataImpl;->remove(Ljava/lang/String;)[B,public-api,system-api,test-api
Landroid/adservices/ondevicepersonalization/LogReader;->getJoinedEvents(Ljava/time/Instant;Ljava/time/Instant;)Ljava/util/List;,public-api,system-api,test-api
Landroid/adservices/ondevicepersonalization/LogReader;->getRequests(Ljava/time/Instant;Ljava/time/Instant;)Ljava/util/List;,public-api,system-api,test-api
Landroid/adservices/ondevicepersonalization/MeasurementWebTriggerEventParams$Builder;-><init>(Landroid/net/Uri;Ljava/lang/String;Landroid/content/ComponentName;)V,system-api,test-api
Landroid/adservices/ondevicepersonalization/MeasurementWebTriggerEventParams$Builder;->build()Landroid/adservices/ondevicepersonalization/MeasurementWebTriggerEventParams;,system-api,test-api
Landroid/adservices/ondevicepersonalization/MeasurementWebTriggerEventParams$Builder;->setAppPackageName(Ljava/lang/String;)Landroid/adservices/ondevicepersonalization/MeasurementWebTriggerEventParams$Builder;,system-api,test-api
Landroid/adservices/ondevicepersonalization/MeasurementWebTriggerEventParams$Builder;->setCertDigest(Ljava/lang/String;)Landroid/adservices/ondevicepersonalization/MeasurementWebTriggerEventParams$Builder;,system-api,test-api
Landroid/adservices/ondevicepersonalization/MeasurementWebTriggerEventParams$Builder;->setDestinationUrl(Landroid/net/Uri;)Landroid/adservices/ondevicepersonalization/MeasurementWebTriggerEventParams$Builder;,system-api,test-api
Landroid/adservices/ondevicepersonalization/MeasurementWebTriggerEventParams$Builder;->setEventData([B)Landroid/adservices/ondevicepersonalization/MeasurementWebTriggerEventParams$Builder;,system-api,test-api
Landroid/adservices/ondevicepersonalization/MeasurementWebTriggerEventParams$Builder;->setIsolatedService(Landroid/content/ComponentName;)Landroid/adservices/ondevicepersonalization/MeasurementWebTriggerEventParams$Builder;,system-api,test-api
Landroid/adservices/ondevicepersonalization/MeasurementWebTriggerEventParams;->equals(Ljava/lang/Object;)Z,core-platform-api,public-api,system-api,test-api
Landroid/adservices/ondevicepersonalization/MeasurementWebTriggerEventParams;->getAppPackageName()Ljava/lang/String;,system-api,test-api
Landroid/adservices/ondevicepersonalization/MeasurementWebTriggerEventParams;->getCertDigest()Ljava/lang/String;,system-api,test-api
Landroid/adservices/ondevicepersonalization/MeasurementWebTriggerEventParams;->getDestinationUrl()Landroid/net/Uri;,system-api,test-api
Landroid/adservices/ondevicepersonalization/MeasurementWebTriggerEventParams;->getEventData()[B,system-api,test-api
Landroid/adservices/ondevicepersonalization/MeasurementWebTriggerEventParams;->getIsolatedService()Landroid/content/ComponentName;,system-api,test-api
Landroid/adservices/ondevicepersonalization/MeasurementWebTriggerEventParams;->hashCode()I,core-platform-api,public-api,system-api,test-api
Landroid/adservices/ondevicepersonalization/MeasurementWebTriggerEventParamsParcel$1;->createFromParcel(Landroid/os/Parcel;)Ljava/lang/Object;,public-api,system-api,test-api
Landroid/adservices/ondevicepersonalization/MeasurementWebTriggerEventParamsParcel$1;->newArray(I)[Ljava/lang/Object;,public-api,system-api,test-api
Landroid/adservices/ondevicepersonalization/MeasurementWebTriggerEventParamsParcel;->describeContents()I,public-api,system-api,test-api
Landroid/adservices/ondevicepersonalization/MeasurementWebTriggerEventParamsParcel;->writeToParcel(Landroid/os/Parcel;I)V,public-api,system-api,test-api
Landroid/adservices/ondevicepersonalization/ModelId$1;->createFromParcel(Landroid/os/Parcel;)Ljava/lang/Object;,public-api,system-api,test-api
Landroid/adservices/ondevicepersonalization/ModelId$1;->newArray(I)[Ljava/lang/Object;,public-api,system-api,test-api
Landroid/adservices/ondevicepersonalization/ModelId;->describeContents()I,public-api,system-api,test-api
Landroid/adservices/ondevicepersonalization/ModelId;->equals(Ljava/lang/Object;)Z,core-platform-api,public-api,system-api,test-api
Landroid/adservices/ondevicepersonalization/ModelId;->hashCode()I,core-platform-api,public-api,system-api,test-api
Landroid/adservices/ondevicepersonalization/ModelId;->writeToParcel(Landroid/os/Parcel;I)V,public-api,system-api,test-api
Landroid/adservices/ondevicepersonalization/ModelManager$1$$ExternalSyntheticLambda0;->run()V,core-platform-api,public-api,system-api,test-api
Landroid/adservices/ondevicepersonalization/ModelManager$1$$ExternalSyntheticLambda1;->run()V,core-platform-api,public-api,system-api,test-api
Landroid/adservices/ondevicepersonalization/ModelManager;->run(Landroid/adservices/ondevicepersonalization/InferenceInput;Ljava/util/concurrent/Executor;Landroid/os/OutcomeReceiver;)V,public-api,system-api,test-api
Landroid/adservices/ondevicepersonalization/MutableKeyValueStore;->put(Ljava/lang/String;[B)[B,public-api,system-api,test-api
Landroid/adservices/ondevicepersonalization/MutableKeyValueStore;->remove(Ljava/lang/String;)[B,public-api,system-api,test-api
Landroid/adservices/ondevicepersonalization/OSVersion$1;->createFromParcel(Landroid/os/Parcel;)Ljava/lang/Object;,public-api,system-api,test-api
Landroid/adservices/ondevicepersonalization/OSVersion$1;->newArray(I)[Ljava/lang/Object;,public-api,system-api,test-api
Landroid/adservices/ondevicepersonalization/OSVersion;->describeContents()I,public-api,system-api,test-api
Landroid/adservices/ondevicepersonalization/OSVersion;->equals(Ljava/lang/Object;)Z,core-platform-api,public-api,system-api,test-api
Landroid/adservices/ondevicepersonalization/OSVersion;->hashCode()I,core-platform-api,public-api,system-api,test-api
Landroid/adservices/ondevicepersonalization/OSVersion;->writeToParcel(Landroid/os/Parcel;I)V,public-api,system-api,test-api
Landroid/adservices/ondevicepersonalization/OnDevicePersonalizationConfigManager$$ExternalSyntheticLambda0;->run()V,core-platform-api,public-api,system-api,test-api
Landroid/adservices/ondevicepersonalization/OnDevicePersonalizationConfigManager;->setPersonalizationEnabled(ZLjava/util/concurrent/Executor;Landroid/os/OutcomeReceiver;)V,system-api,test-api
Landroid/adservices/ondevicepersonalization/OnDevicePersonalizationDebugManager$$ExternalSyntheticLambda0;->apply(Ljava/lang/Object;)Ljava/lang/Object;,core-platform-api,public-api,system-api,test-api
Landroid/adservices/ondevicepersonalization/OnDevicePersonalizationException;->ERROR_INFERENCE_FAILED:I,public-api,system-api,test-api
Landroid/adservices/ondevicepersonalization/OnDevicePersonalizationException;->ERROR_INFERENCE_MODEL_NOT_FOUND:I,public-api,system-api,test-api
Landroid/adservices/ondevicepersonalization/OnDevicePersonalizationException;->ERROR_INVALID_TRAINING_MANIFEST:I,public-api,system-api,test-api
Landroid/adservices/ondevicepersonalization/OnDevicePersonalizationException;->ERROR_ISOLATED_SERVICE_FAILED:I,public-api,system-api,test-api
Landroid/adservices/ondevicepersonalization/OnDevicePersonalizationException;->ERROR_ISOLATED_SERVICE_LOADING_FAILED:I,public-api,system-api,test-api
Landroid/adservices/ondevicepersonalization/OnDevicePersonalizationException;->ERROR_ISOLATED_SERVICE_MANIFEST_PARSING_FAILED:I,public-api,system-api,test-api
Landroid/adservices/ondevicepersonalization/OnDevicePersonalizationException;->ERROR_ISOLATED_SERVICE_TIMEOUT:I,public-api,system-api,test-api
Landroid/adservices/ondevicepersonalization/OnDevicePersonalizationException;->ERROR_PERSONALIZATION_DISABLED:I,public-api,system-api,test-api
Landroid/adservices/ondevicepersonalization/OnDevicePersonalizationException;->ERROR_SCHEDULE_TRAINING_FAILED:I,public-api,system-api,test-api
Landroid/adservices/ondevicepersonalization/OnDevicePersonalizationException;->getErrorCode()I,public-api,system-api,test-api
Landroid/adservices/ondevicepersonalization/OnDevicePersonalizationManager$$ExternalSyntheticLambda0;->apply(Ljava/lang/Object;)Ljava/lang/Object;,core-platform-api,public-api,system-api,test-api
Landroid/adservices/ondevicepersonalization/OnDevicePersonalizationManager$1$$ExternalSyntheticLambda0;->run()V,core-platform-api,public-api,system-api,test-api
Landroid/adservices/ondevicepersonalization/OnDevicePersonalizationManager$1$$ExternalSyntheticLambda1;->run()V,core-platform-api,public-api,system-api,test-api
Landroid/adservices/ondevicepersonalization/OnDevicePersonalizationManager$2$$ExternalSyntheticLambda0;->run()V,core-platform-api,public-api,system-api,test-api
Landroid/adservices/ondevicepersonalization/OnDevicePersonalizationManager$2$$ExternalSyntheticLambda1;->run()V,core-platform-api,public-api,system-api,test-api
Landroid/adservices/ondevicepersonalization/OnDevicePersonalizationManager$3$$ExternalSyntheticLambda0;->run()V,core-platform-api,public-api,system-api,test-api
Landroid/adservices/ondevicepersonalization/OnDevicePersonalizationManager$3$$ExternalSyntheticLambda1;->run()V,core-platform-api,public-api,system-api,test-api
Landroid/adservices/ondevicepersonalization/OnDevicePersonalizationManager$ExecuteResult;->getOutputData()[B,public-api,system-api,test-api
Landroid/adservices/ondevicepersonalization/OnDevicePersonalizationManager$ExecuteResult;->getSurfacePackageToken()Landroid/adservices/ondevicepersonalization/SurfacePackageToken;,public-api,system-api,test-api
Landroid/adservices/ondevicepersonalization/OnDevicePersonalizationManager;->execute(Landroid/content/ComponentName;Landroid/os/PersistableBundle;Ljava/util/concurrent/Executor;Landroid/os/OutcomeReceiver;)V,public-api,system-api,test-api
Landroid/adservices/ondevicepersonalization/OnDevicePersonalizationManager;->executeInIsolatedService(Landroid/adservices/ondevicepersonalization/ExecuteInIsolatedServiceRequest;Ljava/util/concurrent/Executor;Landroid/os/OutcomeReceiver;)V,public-api,system-api,test-api
Landroid/adservices/ondevicepersonalization/OnDevicePersonalizationManager;->requestSurfacePackage(Landroid/adservices/ondevicepersonalization/SurfacePackageToken;Landroid/os/IBinder;IIILjava/util/concurrent/Executor;Landroid/os/OutcomeReceiver;)V,public-api,system-api,test-api
Landroid/adservices/ondevicepersonalization/OnDevicePersonalizationPermissions;->MODIFY_ONDEVICEPERSONALIZATION_STATE:Ljava/lang/String;,system-api,test-api
Landroid/adservices/ondevicepersonalization/OnDevicePersonalizationPermissions;->NOTIFY_MEASUREMENT_EVENT:Ljava/lang/String;,system-api,test-api
Landroid/adservices/ondevicepersonalization/OnDevicePersonalizationSystemEventManager$1$$ExternalSyntheticLambda0;->run()V,core-platform-api,public-api,system-api,test-api
Landroid/adservices/ondevicepersonalization/OnDevicePersonalizationSystemEventManager$1$$ExternalSyntheticLambda1;->run()V,core-platform-api,public-api,system-api,test-api
Landroid/adservices/ondevicepersonalization/OnDevicePersonalizationSystemEventManager;->notifyMeasurementEvent(Landroid/adservices/ondevicepersonalization/MeasurementWebTriggerEventParams;Ljava/util/concurrent/Executor;Landroid/os/OutcomeReceiver;)V,system-api,test-api
Landroid/adservices/ondevicepersonalization/RemoteDataImpl;->get(Ljava/lang/String;)[B,public-api,system-api,test-api
Landroid/adservices/ondevicepersonalization/RemoteDataImpl;->keySet()Ljava/util/Set;,public-api,system-api,test-api
Landroid/adservices/ondevicepersonalization/RenderInput;-><init>(IILandroid/adservices/ondevicepersonalization/RenderingConfig;)V,public-api,system-api,test-api
Landroid/adservices/ondevicepersonalization/RenderInput;->equals(Ljava/lang/Object;)Z,core-platform-api,public-api,system-api,test-api
Landroid/adservices/ondevicepersonalization/RenderInput;->getHeight()I,public-api,system-api,test-api
Landroid/adservices/ondevicepersonalization/RenderInput;->getRenderingConfig()Landroid/adservices/ondevicepersonalization/RenderingConfig;,public-api,system-api,test-api
Landroid/adservices/ondevicepersonalization/RenderInput;->getWidth()I,public-api,system-api,test-api
Landroid/adservices/ondevicepersonalization/RenderInput;->hashCode()I,core-platform-api,public-api,system-api,test-api
Landroid/adservices/ondevicepersonalization/RenderInputParcel$1;->createFromParcel(Landroid/os/Parcel;)Ljava/lang/Object;,public-api,system-api,test-api
Landroid/adservices/ondevicepersonalization/RenderInputParcel$1;->newArray(I)[Ljava/lang/Object;,public-api,system-api,test-api
Landroid/adservices/ondevicepersonalization/RenderInputParcel;->describeContents()I,public-api,system-api,test-api
Landroid/adservices/ondevicepersonalization/RenderInputParcel;->writeToParcel(Landroid/os/Parcel;I)V,public-api,system-api,test-api
Landroid/adservices/ondevicepersonalization/RenderOutput$Builder;-><init>()V,public-api,system-api,test-api
Landroid/adservices/ondevicepersonalization/RenderOutput$Builder;->build()Landroid/adservices/ondevicepersonalization/RenderOutput;,public-api,system-api,test-api
Landroid/adservices/ondevicepersonalization/RenderOutput$Builder;->setContent(Ljava/lang/String;)Landroid/adservices/ondevicepersonalization/RenderOutput$Builder;,public-api,system-api,test-api
Landroid/adservices/ondevicepersonalization/RenderOutput$Builder;->setTemplateId(Ljava/lang/String;)Landroid/adservices/ondevicepersonalization/RenderOutput$Builder;,public-api,system-api,test-api
Landroid/adservices/ondevicepersonalization/RenderOutput$Builder;->setTemplateParams(Landroid/os/PersistableBundle;)Landroid/adservices/ondevicepersonalization/RenderOutput$Builder;,public-api,system-api,test-api
Landroid/adservices/ondevicepersonalization/RenderOutput;->equals(Ljava/lang/Object;)Z,core-platform-api,public-api,system-api,test-api
Landroid/adservices/ondevicepersonalization/RenderOutput;->getContent()Ljava/lang/String;,public-api,system-api,test-api
Landroid/adservices/ondevicepersonalization/RenderOutput;->getTemplateId()Ljava/lang/String;,public-api,system-api,test-api
Landroid/adservices/ondevicepersonalization/RenderOutput;->getTemplateParams()Landroid/os/PersistableBundle;,public-api,system-api,test-api
Landroid/adservices/ondevicepersonalization/RenderOutput;->hashCode()I,core-platform-api,public-api,system-api,test-api
Landroid/adservices/ondevicepersonalization/RenderOutputParcel$1;->createFromParcel(Landroid/os/Parcel;)Ljava/lang/Object;,public-api,system-api,test-api
Landroid/adservices/ondevicepersonalization/RenderOutputParcel$1;->newArray(I)[Ljava/lang/Object;,public-api,system-api,test-api
Landroid/adservices/ondevicepersonalization/RenderOutputParcel;->describeContents()I,public-api,system-api,test-api
Landroid/adservices/ondevicepersonalization/RenderOutputParcel;->writeToParcel(Landroid/os/Parcel;I)V,public-api,system-api,test-api
Landroid/adservices/ondevicepersonalization/RenderingConfig$1;->createFromParcel(Landroid/os/Parcel;)Ljava/lang/Object;,public-api,system-api,test-api
Landroid/adservices/ondevicepersonalization/RenderingConfig$1;->newArray(I)[Ljava/lang/Object;,public-api,system-api,test-api
Landroid/adservices/ondevicepersonalization/RenderingConfig$Builder;-><init>()V,public-api,system-api,test-api
Landroid/adservices/ondevicepersonalization/RenderingConfig$Builder;->addKey(Ljava/lang/String;)Landroid/adservices/ondevicepersonalization/RenderingConfig$Builder;,public-api,system-api,test-api
Landroid/adservices/ondevicepersonalization/RenderingConfig$Builder;->build()Landroid/adservices/ondevicepersonalization/RenderingConfig;,public-api,system-api,test-api
Landroid/adservices/ondevicepersonalization/RenderingConfig$Builder;->setKeys(Ljava/util/List;)Landroid/adservices/ondevicepersonalization/RenderingConfig$Builder;,public-api,system-api,test-api
Landroid/adservices/ondevicepersonalization/RenderingConfig;->CREATOR:Landroid/os/Parcelable$Creator;,public-api,system-api,test-api
Landroid/adservices/ondevicepersonalization/RenderingConfig;->describeContents()I,public-api,system-api,test-api
Landroid/adservices/ondevicepersonalization/RenderingConfig;->equals(Ljava/lang/Object;)Z,core-platform-api,public-api,system-api,test-api
Landroid/adservices/ondevicepersonalization/RenderingConfig;->getKeys()Ljava/util/List;,public-api,system-api,test-api
Landroid/adservices/ondevicepersonalization/RenderingConfig;->hashCode()I,core-platform-api,public-api,system-api,test-api
Landroid/adservices/ondevicepersonalization/RenderingConfig;->writeToParcel(Landroid/os/Parcel;I)V,public-api,system-api,test-api
Landroid/adservices/ondevicepersonalization/RequestLogRecord$1;->createFromParcel(Landroid/os/Parcel;)Ljava/lang/Object;,public-api,system-api,test-api
Landroid/adservices/ondevicepersonalization/RequestLogRecord$1;->newArray(I)[Ljava/lang/Object;,public-api,system-api,test-api
Landroid/adservices/ondevicepersonalization/RequestLogRecord$Builder;-><init>()V,public-api,system-api,test-api
Landroid/adservices/ondevicepersonalization/RequestLogRecord$Builder;->addRow(Landroid/content/ContentValues;)Landroid/adservices/ondevicepersonalization/RequestLogRecord$Builder;,public-api,system-api,test-api
Landroid/adservices/ondevicepersonalization/RequestLogRecord$Builder;->build()Landroid/adservices/ondevicepersonalization/RequestLogRecord;,public-api,system-api,test-api
Landroid/adservices/ondevicepersonalization/RequestLogRecord$Builder;->setRows(Ljava/util/List;)Landroid/adservices/ondevicepersonalization/RequestLogRecord$Builder;,public-api,system-api,test-api
Landroid/adservices/ondevicepersonalization/RequestLogRecord;->CREATOR:Landroid/os/Parcelable$Creator;,public-api,system-api,test-api
Landroid/adservices/ondevicepersonalization/RequestLogRecord;->describeContents()I,public-api,system-api,test-api
Landroid/adservices/ondevicepersonalization/RequestLogRecord;->equals(Ljava/lang/Object;)Z,core-platform-api,public-api,system-api,test-api
Landroid/adservices/ondevicepersonalization/RequestLogRecord;->getRows()Ljava/util/List;,public-api,system-api,test-api
Landroid/adservices/ondevicepersonalization/RequestLogRecord;->getTime()Ljava/time/Instant;,public-api,system-api,test-api
Landroid/adservices/ondevicepersonalization/RequestLogRecord;->hashCode()I,core-platform-api,public-api,system-api,test-api
Landroid/adservices/ondevicepersonalization/RequestLogRecord;->writeToParcel(Landroid/os/Parcel;I)V,public-api,system-api,test-api
Landroid/adservices/ondevicepersonalization/TrainingExampleRecord$1;->createFromParcel(Landroid/os/Parcel;)Ljava/lang/Object;,public-api,system-api,test-api
Landroid/adservices/ondevicepersonalization/TrainingExampleRecord$1;->newArray(I)[Ljava/lang/Object;,public-api,system-api,test-api
Landroid/adservices/ondevicepersonalization/TrainingExampleRecord$Builder;-><init>()V,public-api,system-api,test-api
Landroid/adservices/ondevicepersonalization/TrainingExampleRecord$Builder;->build()Landroid/adservices/ondevicepersonalization/TrainingExampleRecord;,public-api,system-api,test-api
Landroid/adservices/ondevicepersonalization/TrainingExampleRecord$Builder;->setResumptionToken([B)Landroid/adservices/ondevicepersonalization/TrainingExampleRecord$Builder;,public-api,system-api,test-api
Landroid/adservices/ondevicepersonalization/TrainingExampleRecord$Builder;->setTrainingExample([B)Landroid/adservices/ondevicepersonalization/TrainingExampleRecord$Builder;,public-api,system-api,test-api
Landroid/adservices/ondevicepersonalization/TrainingExampleRecord;->CREATOR:Landroid/os/Parcelable$Creator;,public-api,system-api,test-api
Landroid/adservices/ondevicepersonalization/TrainingExampleRecord;->describeContents()I,public-api,system-api,test-api
Landroid/adservices/ondevicepersonalization/TrainingExampleRecord;->getResumptionToken()[B,public-api,system-api,test-api
Landroid/adservices/ondevicepersonalization/TrainingExampleRecord;->getTrainingExample()[B,public-api,system-api,test-api
Landroid/adservices/ondevicepersonalization/TrainingExampleRecord;->writeToParcel(Landroid/os/Parcel;I)V,public-api,system-api,test-api
Landroid/adservices/ondevicepersonalization/TrainingExamplesInput;-><init>(Ljava/lang/String;Ljava/lang/String;[BLjava/lang/String;)V,public-api,system-api,test-api
Landroid/adservices/ondevicepersonalization/TrainingExamplesInput;->equals(Ljava/lang/Object;)Z,core-platform-api,public-api,system-api,test-api
Landroid/adservices/ondevicepersonalization/TrainingExamplesInput;->getCollectionName()Ljava/lang/String;,public-api,system-api,test-api
Landroid/adservices/ondevicepersonalization/TrainingExamplesInput;->getPopulationName()Ljava/lang/String;,public-api,system-api,test-api
Landroid/adservices/ondevicepersonalization/TrainingExamplesInput;->getResumptionToken()[B,public-api,system-api,test-api
Landroid/adservices/ondevicepersonalization/TrainingExamplesInput;->getTaskName()Ljava/lang/String;,public-api,system-api,test-api
Landroid/adservices/ondevicepersonalization/TrainingExamplesInput;->hashCode()I,core-platform-api,public-api,system-api,test-api
Landroid/adservices/ondevicepersonalization/TrainingExamplesInputParcel$1;->createFromParcel(Landroid/os/Parcel;)Ljava/lang/Object;,public-api,system-api,test-api
Landroid/adservices/ondevicepersonalization/TrainingExamplesInputParcel$1;->newArray(I)[Ljava/lang/Object;,public-api,system-api,test-api
Landroid/adservices/ondevicepersonalization/TrainingExamplesInputParcel;->describeContents()I,public-api,system-api,test-api
Landroid/adservices/ondevicepersonalization/TrainingExamplesInputParcel;->writeToParcel(Landroid/os/Parcel;I)V,public-api,system-api,test-api
Landroid/adservices/ondevicepersonalization/TrainingExamplesOutput$Builder;-><init>()V,public-api,system-api,test-api
Landroid/adservices/ondevicepersonalization/TrainingExamplesOutput$Builder;->addTrainingExampleRecord(Landroid/adservices/ondevicepersonalization/TrainingExampleRecord;)Landroid/adservices/ondevicepersonalization/TrainingExamplesOutput$Builder;,public-api,system-api,test-api
Landroid/adservices/ondevicepersonalization/TrainingExamplesOutput$Builder;->build()Landroid/adservices/ondevicepersonalization/TrainingExamplesOutput;,public-api,system-api,test-api
Landroid/adservices/ondevicepersonalization/TrainingExamplesOutput$Builder;->setTrainingExampleRecords(Ljava/util/List;)Landroid/adservices/ondevicepersonalization/TrainingExamplesOutput$Builder;,public-api,system-api,test-api
Landroid/adservices/ondevicepersonalization/TrainingExamplesOutput;->equals(Ljava/lang/Object;)Z,core-platform-api,public-api,system-api,test-api
Landroid/adservices/ondevicepersonalization/TrainingExamplesOutput;->getTrainingExampleRecords()Ljava/util/List;,public-api,system-api,test-api
Landroid/adservices/ondevicepersonalization/TrainingExamplesOutput;->hashCode()I,core-platform-api,public-api,system-api,test-api
Landroid/adservices/ondevicepersonalization/TrainingExamplesOutputParcel$1;->createFromParcel(Landroid/os/Parcel;)Ljava/lang/Object;,public-api,system-api,test-api
Landroid/adservices/ondevicepersonalization/TrainingExamplesOutputParcel$1;->newArray(I)[Ljava/lang/Object;,public-api,system-api,test-api
Landroid/adservices/ondevicepersonalization/TrainingExamplesOutputParcel;->describeContents()I,public-api,system-api,test-api
Landroid/adservices/ondevicepersonalization/TrainingExamplesOutputParcel;->equals(Ljava/lang/Object;)Z,core-platform-api,public-api,system-api,test-api
Landroid/adservices/ondevicepersonalization/TrainingExamplesOutputParcel;->hashCode()I,core-platform-api,public-api,system-api,test-api
Landroid/adservices/ondevicepersonalization/TrainingExamplesOutputParcel;->writeToParcel(Landroid/os/Parcel;I)V,public-api,system-api,test-api
Landroid/adservices/ondevicepersonalization/TrainingInterval$Builder;-><init>()V,public-api,system-api,test-api
Landroid/adservices/ondevicepersonalization/TrainingInterval$Builder;->build()Landroid/adservices/ondevicepersonalization/TrainingInterval;,public-api,system-api,test-api
Landroid/adservices/ondevicepersonalization/TrainingInterval$Builder;->setMinimumInterval(Ljava/time/Duration;)Landroid/adservices/ondevicepersonalization/TrainingInterval$Builder;,public-api,system-api,test-api
Landroid/adservices/ondevicepersonalization/TrainingInterval$Builder;->setSchedulingMode(I)Landroid/adservices/ondevicepersonalization/TrainingInterval$Builder;,public-api,system-api,test-api
Landroid/adservices/ondevicepersonalization/TrainingInterval;->SCHEDULING_MODE_ONE_TIME:I,public-api,system-api,test-api
Landroid/adservices/ondevicepersonalization/TrainingInterval;->SCHEDULING_MODE_RECURRENT:I,public-api,system-api,test-api
Landroid/adservices/ondevicepersonalization/TrainingInterval;->equals(Ljava/lang/Object;)Z,core-platform-api,public-api,system-api,test-api
Landroid/adservices/ondevicepersonalization/TrainingInterval;->getMinimumInterval()Ljava/time/Duration;,public-api,system-api,test-api
Landroid/adservices/ondevicepersonalization/TrainingInterval;->getSchedulingMode()I,public-api,system-api,test-api
Landroid/adservices/ondevicepersonalization/TrainingInterval;->hashCode()I,core-platform-api,public-api,system-api,test-api
Landroid/adservices/ondevicepersonalization/UserData$1;->createFromParcel(Landroid/os/Parcel;)Ljava/lang/Object;,public-api,system-api,test-api
Landroid/adservices/ondevicepersonalization/UserData$1;->newArray(I)[Ljava/lang/Object;,public-api,system-api,test-api
Landroid/adservices/ondevicepersonalization/UserData;->CREATOR:Landroid/os/Parcelable$Creator;,public-api,system-api,test-api
Landroid/adservices/ondevicepersonalization/UserData;->describeContents()I,public-api,system-api,test-api
Landroid/adservices/ondevicepersonalization/UserData;->equals(Ljava/lang/Object;)Z,core-platform-api,public-api,system-api,test-api
Landroid/adservices/ondevicepersonalization/UserData;->getAppInfos()Ljava/util/Map;,public-api,system-api,test-api
Landroid/adservices/ondevicepersonalization/UserData;->getAvailableStorageBytes()J,public-api,system-api,test-api
Landroid/adservices/ondevicepersonalization/UserData;->getBatteryPercentage()I,public-api,system-api,test-api
Landroid/adservices/ondevicepersonalization/UserData;->getCarrier()Ljava/lang/String;,public-api,system-api,test-api
Landroid/adservices/ondevicepersonalization/UserData;->getDataNetworkType()I,public-api,system-api,test-api
Landroid/adservices/ondevicepersonalization/UserData;->getNetworkCapabilities()Landroid/net/NetworkCapabilities;,public-api,system-api,test-api
Landroid/adservices/ondevicepersonalization/UserData;->getOrientation()I,public-api,system-api,test-api
Landroid/adservices/ondevicepersonalization/UserData;->getTimezoneUtcOffset()Ljava/time/Duration;,public-api,system-api,test-api
Landroid/adservices/ondevicepersonalization/UserData;->hashCode()I,core-platform-api,public-api,system-api,test-api
Landroid/adservices/ondevicepersonalization/UserData;->writeToParcel(Landroid/os/Parcel;I)V,public-api,system-api,test-api
Landroid/adservices/ondevicepersonalization/WebTriggerInput;-><init>(Landroid/net/Uri;Ljava/lang/String;[B)V,public-api,system-api,test-api
Landroid/adservices/ondevicepersonalization/WebTriggerInput;->equals(Ljava/lang/Object;)Z,core-platform-api,public-api,system-api,test-api
Landroid/adservices/ondevicepersonalization/WebTriggerInput;->getAppPackageName()Ljava/lang/String;,public-api,system-api,test-api
Landroid/adservices/ondevicepersonalization/WebTriggerInput;->getData()[B,public-api,system-api,test-api
Landroid/adservices/ondevicepersonalization/WebTriggerInput;->getDestinationUrl()Landroid/net/Uri;,public-api,system-api,test-api
Landroid/adservices/ondevicepersonalization/WebTriggerInput;->hashCode()I,core-platform-api,public-api,system-api,test-api
Landroid/adservices/ondevicepersonalization/WebTriggerInputParcel$1;->createFromParcel(Landroid/os/Parcel;)Ljava/lang/Object;,public-api,system-api,test-api
Landroid/adservices/ondevicepersonalization/WebTriggerInputParcel$1;->newArray(I)[Ljava/lang/Object;,public-api,system-api,test-api
Landroid/adservices/ondevicepersonalization/WebTriggerInputParcel;->describeContents()I,public-api,system-api,test-api
Landroid/adservices/ondevicepersonalization/WebTriggerInputParcel;->writeToParcel(Landroid/os/Parcel;I)V,public-api,system-api,test-api
Landroid/adservices/ondevicepersonalization/WebTriggerOutput$Builder;-><init>()V,public-api,system-api,test-api
Landroid/adservices/ondevicepersonalization/WebTriggerOutput$Builder;->addEventLogRecord(Landroid/adservices/ondevicepersonalization/EventLogRecord;)Landroid/adservices/ondevicepersonalization/WebTriggerOutput$Builder;,public-api,system-api,test-api
Landroid/adservices/ondevicepersonalization/WebTriggerOutput$Builder;->build()Landroid/adservices/ondevicepersonalization/WebTriggerOutput;,public-api,system-api,test-api
Landroid/adservices/ondevicepersonalization/WebTriggerOutput$Builder;->setEventLogRecords(Ljava/util/List;)Landroid/adservices/ondevicepersonalization/WebTriggerOutput$Builder;,public-api,system-api,test-api
Landroid/adservices/ondevicepersonalization/WebTriggerOutput$Builder;->setRequestLogRecord(Landroid/adservices/ondevicepersonalization/RequestLogRecord;)Landroid/adservices/ondevicepersonalization/WebTriggerOutput$Builder;,public-api,system-api,test-api
Landroid/adservices/ondevicepersonalization/WebTriggerOutput;->equals(Ljava/lang/Object;)Z,core-platform-api,public-api,system-api,test-api
Landroid/adservices/ondevicepersonalization/WebTriggerOutput;->getEventLogRecords()Ljava/util/List;,public-api,system-api,test-api
Landroid/adservices/ondevicepersonalization/WebTriggerOutput;->getRequestLogRecord()Landroid/adservices/ondevicepersonalization/RequestLogRecord;,public-api,system-api,test-api
Landroid/adservices/ondevicepersonalization/WebTriggerOutput;->hashCode()I,core-platform-api,public-api,system-api,test-api
Landroid/adservices/ondevicepersonalization/WebTriggerOutputParcel$1;->createFromParcel(Landroid/os/Parcel;)Ljava/lang/Object;,public-api,system-api,test-api
Landroid/adservices/ondevicepersonalization/WebTriggerOutputParcel$1;->newArray(I)[Ljava/lang/Object;,public-api,system-api,test-api
Landroid/adservices/ondevicepersonalization/WebTriggerOutputParcel;->describeContents()I,public-api,system-api,test-api
Landroid/adservices/ondevicepersonalization/WebTriggerOutputParcel;->writeToParcel(Landroid/os/Parcel;I)V,public-api,system-api,test-api
Landroid/adservices/ondevicepersonalization/aidl/IDataAccessService$Default;->asBinder()Landroid/os/IBinder;,public-api,system-api,test-api
Landroid/adservices/ondevicepersonalization/aidl/IDataAccessService$Stub$Proxy;->asBinder()Landroid/os/IBinder;,public-api,system-api,test-api
Landroid/adservices/ondevicepersonalization/aidl/IDataAccessService$Stub;->asBinder()Landroid/os/IBinder;,public-api,system-api,test-api
Landroid/adservices/ondevicepersonalization/aidl/IDataAccessService$Stub;->onTransact(ILandroid/os/Parcel;Landroid/os/Parcel;I)Z,public-api,system-api,test-api
Landroid/adservices/ondevicepersonalization/aidl/IDataAccessServiceCallback$Default;->asBinder()Landroid/os/IBinder;,public-api,system-api,test-api
Landroid/adservices/ondevicepersonalization/aidl/IDataAccessServiceCallback$Stub$Proxy;->asBinder()Landroid/os/IBinder;,public-api,system-api,test-api
Landroid/adservices/ondevicepersonalization/aidl/IDataAccessServiceCallback$Stub;->asBinder()Landroid/os/IBinder;,public-api,system-api,test-api
Landroid/adservices/ondevicepersonalization/aidl/IDataAccessServiceCallback$Stub;->onTransact(ILandroid/os/Parcel;Landroid/os/Parcel;I)Z,public-api,system-api,test-api
Landroid/adservices/ondevicepersonalization/aidl/IExecuteCallback$Default;->asBinder()Landroid/os/IBinder;,public-api,system-api,test-api
Landroid/adservices/ondevicepersonalization/aidl/IExecuteCallback$Stub$Proxy;->asBinder()Landroid/os/IBinder;,public-api,system-api,test-api
Landroid/adservices/ondevicepersonalization/aidl/IExecuteCallback$Stub;->asBinder()Landroid/os/IBinder;,public-api,system-api,test-api
Landroid/adservices/ondevicepersonalization/aidl/IExecuteCallback$Stub;->onTransact(ILandroid/os/Parcel;Landroid/os/Parcel;I)Z,public-api,system-api,test-api
Landroid/adservices/ondevicepersonalization/aidl/IFederatedComputeCallback$Default;->asBinder()Landroid/os/IBinder;,public-api,system-api,test-api
Landroid/adservices/ondevicepersonalization/aidl/IFederatedComputeCallback$Stub$Proxy;->asBinder()Landroid/os/IBinder;,public-api,system-api,test-api
Landroid/adservices/ondevicepersonalization/aidl/IFederatedComputeCallback$Stub;->asBinder()Landroid/os/IBinder;,public-api,system-api,test-api
Landroid/adservices/ondevicepersonalization/aidl/IFederatedComputeCallback$Stub;->onTransact(ILandroid/os/Parcel;Landroid/os/Parcel;I)Z,public-api,system-api,test-api
Landroid/adservices/ondevicepersonalization/aidl/IFederatedComputeService$Default;->asBinder()Landroid/os/IBinder;,public-api,system-api,test-api
Landroid/adservices/ondevicepersonalization/aidl/IFederatedComputeService$Stub$Proxy;->asBinder()Landroid/os/IBinder;,public-api,system-api,test-api
Landroid/adservices/ondevicepersonalization/aidl/IFederatedComputeService$Stub;->asBinder()Landroid/os/IBinder;,public-api,system-api,test-api
Landroid/adservices/ondevicepersonalization/aidl/IFederatedComputeService$Stub;->onTransact(ILandroid/os/Parcel;Landroid/os/Parcel;I)Z,public-api,system-api,test-api
Landroid/adservices/ondevicepersonalization/aidl/IIsolatedModelService$Default;->asBinder()Landroid/os/IBinder;,public-api,system-api,test-api
Landroid/adservices/ondevicepersonalization/aidl/IIsolatedModelService$Stub$Proxy;->asBinder()Landroid/os/IBinder;,public-api,system-api,test-api
Landroid/adservices/ondevicepersonalization/aidl/IIsolatedModelService$Stub;->asBinder()Landroid/os/IBinder;,public-api,system-api,test-api
Landroid/adservices/ondevicepersonalization/aidl/IIsolatedModelService$Stub;->onTransact(ILandroid/os/Parcel;Landroid/os/Parcel;I)Z,public-api,system-api,test-api
Landroid/adservices/ondevicepersonalization/aidl/IIsolatedModelServiceCallback$Default;->asBinder()Landroid/os/IBinder;,public-api,system-api,test-api
Landroid/adservices/ondevicepersonalization/aidl/IIsolatedModelServiceCallback$Stub$Proxy;->asBinder()Landroid/os/IBinder;,public-api,system-api,test-api
Landroid/adservices/ondevicepersonalization/aidl/IIsolatedModelServiceCallback$Stub;->asBinder()Landroid/os/IBinder;,public-api,system-api,test-api
Landroid/adservices/ondevicepersonalization/aidl/IIsolatedModelServiceCallback$Stub;->onTransact(ILandroid/os/Parcel;Landroid/os/Parcel;I)Z,public-api,system-api,test-api
Landroid/adservices/ondevicepersonalization/aidl/IIsolatedService$Default;->asBinder()Landroid/os/IBinder;,public-api,system-api,test-api
Landroid/adservices/ondevicepersonalization/aidl/IIsolatedService$Stub$Proxy;->asBinder()Landroid/os/IBinder;,public-api,system-api,test-api
Landroid/adservices/ondevicepersonalization/aidl/IIsolatedService$Stub;->asBinder()Landroid/os/IBinder;,public-api,system-api,test-api
Landroid/adservices/ondevicepersonalization/aidl/IIsolatedService$Stub;->onTransact(ILandroid/os/Parcel;Landroid/os/Parcel;I)Z,public-api,system-api,test-api
Landroid/adservices/ondevicepersonalization/aidl/IIsolatedServiceCallback$Default;->asBinder()Landroid/os/IBinder;,public-api,system-api,test-api
Landroid/adservices/ondevicepersonalization/aidl/IIsolatedServiceCallback$Stub$Proxy;->asBinder()Landroid/os/IBinder;,public-api,system-api,test-api
Landroid/adservices/ondevicepersonalization/aidl/IIsolatedServiceCallback$Stub;->asBinder()Landroid/os/IBinder;,public-api,system-api,test-api
Landroid/adservices/ondevicepersonalization/aidl/IIsolatedServiceCallback$Stub;->onTransact(ILandroid/os/Parcel;Landroid/os/Parcel;I)Z,public-api,system-api,test-api
Landroid/adservices/ondevicepersonalization/aidl/IOnDevicePersonalizationConfigService$Default;->asBinder()Landroid/os/IBinder;,public-api,system-api,test-api
Landroid/adservices/ondevicepersonalization/aidl/IOnDevicePersonalizationConfigService$Stub$Proxy;->asBinder()Landroid/os/IBinder;,public-api,system-api,test-api
Landroid/adservices/ondevicepersonalization/aidl/IOnDevicePersonalizationConfigService$Stub;->asBinder()Landroid/os/IBinder;,public-api,system-api,test-api
Landroid/adservices/ondevicepersonalization/aidl/IOnDevicePersonalizationConfigService$Stub;->onTransact(ILandroid/os/Parcel;Landroid/os/Parcel;I)Z,public-api,system-api,test-api
Landroid/adservices/ondevicepersonalization/aidl/IOnDevicePersonalizationConfigServiceCallback$Default;->asBinder()Landroid/os/IBinder;,public-api,system-api,test-api
Landroid/adservices/ondevicepersonalization/aidl/IOnDevicePersonalizationConfigServiceCallback$Stub$Proxy;->asBinder()Landroid/os/IBinder;,public-api,system-api,test-api
Landroid/adservices/ondevicepersonalization/aidl/IOnDevicePersonalizationConfigServiceCallback$Stub;->asBinder()Landroid/os/IBinder;,public-api,system-api,test-api
Landroid/adservices/ondevicepersonalization/aidl/IOnDevicePersonalizationConfigServiceCallback$Stub;->onTransact(ILandroid/os/Parcel;Landroid/os/Parcel;I)Z,public-api,system-api,test-api
Landroid/adservices/ondevicepersonalization/aidl/IOnDevicePersonalizationDebugService$Default;->asBinder()Landroid/os/IBinder;,public-api,system-api,test-api
Landroid/adservices/ondevicepersonalization/aidl/IOnDevicePersonalizationDebugService$Stub$Proxy;->asBinder()Landroid/os/IBinder;,public-api,system-api,test-api
Landroid/adservices/ondevicepersonalization/aidl/IOnDevicePersonalizationDebugService$Stub;->asBinder()Landroid/os/IBinder;,public-api,system-api,test-api
Landroid/adservices/ondevicepersonalization/aidl/IOnDevicePersonalizationDebugService$Stub;->onTransact(ILandroid/os/Parcel;Landroid/os/Parcel;I)Z,public-api,system-api,test-api
Landroid/adservices/ondevicepersonalization/aidl/IOnDevicePersonalizationManagingService$Default;->asBinder()Landroid/os/IBinder;,public-api,system-api,test-api
Landroid/adservices/ondevicepersonalization/aidl/IOnDevicePersonalizationManagingService$Stub$Proxy;->asBinder()Landroid/os/IBinder;,public-api,system-api,test-api
Landroid/adservices/ondevicepersonalization/aidl/IOnDevicePersonalizationManagingService$Stub;->asBinder()Landroid/os/IBinder;,public-api,system-api,test-api
Landroid/adservices/ondevicepersonalization/aidl/IOnDevicePersonalizationManagingService$Stub;->onTransact(ILandroid/os/Parcel;Landroid/os/Parcel;I)Z,public-api,system-api,test-api
Landroid/adservices/ondevicepersonalization/aidl/IRegisterMeasurementEventCallback$Default;->asBinder()Landroid/os/IBinder;,public-api,system-api,test-api
Landroid/adservices/ondevicepersonalization/aidl/IRegisterMeasurementEventCallback$Stub$Proxy;->asBinder()Landroid/os/IBinder;,public-api,system-api,test-api
Landroid/adservices/ondevicepersonalization/aidl/IRegisterMeasurementEventCallback$Stub;->asBinder()Landroid/os/IBinder;,public-api,system-api,test-api
Landroid/adservices/ondevicepersonalization/aidl/IRegisterMeasurementEventCallback$Stub;->onTransact(ILandroid/os/Parcel;Landroid/os/Parcel;I)Z,public-api,system-api,test-api
Landroid/adservices/ondevicepersonalization/aidl/IRegisterWebTriggerCallback$Default;->asBinder()Landroid/os/IBinder;,public-api,system-api,test-api
Landroid/adservices/ondevicepersonalization/aidl/IRegisterWebTriggerCallback$Stub$Proxy;->asBinder()Landroid/os/IBinder;,public-api,system-api,test-api
Landroid/adservices/ondevicepersonalization/aidl/IRegisterWebTriggerCallback$Stub;->asBinder()Landroid/os/IBinder;,public-api,system-api,test-api
Landroid/adservices/ondevicepersonalization/aidl/IRegisterWebTriggerCallback$Stub;->onTransact(ILandroid/os/Parcel;Landroid/os/Parcel;I)Z,public-api,system-api,test-api
Landroid/adservices/ondevicepersonalization/aidl/IRequestSurfacePackageCallback$Default;->asBinder()Landroid/os/IBinder;,public-api,system-api,test-api
Landroid/adservices/ondevicepersonalization/aidl/IRequestSurfacePackageCallback$Stub$Proxy;->asBinder()Landroid/os/IBinder;,public-api,system-api,test-api
Landroid/adservices/ondevicepersonalization/aidl/IRequestSurfacePackageCallback$Stub;->asBinder()Landroid/os/IBinder;,public-api,system-api,test-api
Landroid/adservices/ondevicepersonalization/aidl/IRequestSurfacePackageCallback$Stub;->onTransact(ILandroid/os/Parcel;Landroid/os/Parcel;I)Z,public-api,system-api,test-api
Landroid/federatedcompute/ExampleStoreIterator;->close()V,core-platform-api,public-api,system-api,test-api
Landroid/federatedcompute/ExampleStoreService;->onBind(Landroid/content/Intent;)Landroid/os/IBinder;,public-api,system-api,test-api
Landroid/federatedcompute/ExampleStoreService;->onCreate()V,public-api,system-api,test-api
Landroid/federatedcompute/FederatedComputeManager$$ExternalSyntheticLambda0;->run()V,core-platform-api,public-api,system-api,test-api
Landroid/federatedcompute/FederatedComputeManager$$ExternalSyntheticLambda1;->apply(Ljava/lang/Object;)Ljava/lang/Object;,core-platform-api,public-api,system-api,test-api
Landroid/federatedcompute/FederatedComputeManager$$ExternalSyntheticLambda2;->run()V,core-platform-api,public-api,system-api,test-api
Landroid/federatedcompute/FederatedComputeManager$1$$ExternalSyntheticLambda0;->run()V,core-platform-api,public-api,system-api,test-api
Landroid/federatedcompute/FederatedComputeManager$1$$ExternalSyntheticLambda1;->run()V,core-platform-api,public-api,system-api,test-api
Landroid/federatedcompute/FederatedComputeManager$2$$ExternalSyntheticLambda0;->run()V,core-platform-api,public-api,system-api,test-api
Landroid/federatedcompute/FederatedComputeManager$2$$ExternalSyntheticLambda1;->run()V,core-platform-api,public-api,system-api,test-api
Landroid/federatedcompute/ResultHandlingService$ResultHandlingCallback;->accept(Ljava/lang/Object;)V,core-platform-api,public-api,system-api,test-api
Landroid/federatedcompute/ResultHandlingService;->onBind(Landroid/content/Intent;)Landroid/os/IBinder;,public-api,system-api,test-api
Landroid/federatedcompute/ResultHandlingService;->onCreate()V,public-api,system-api,test-api
Landroid/federatedcompute/aidl/IExampleStoreCallback$Default;->asBinder()Landroid/os/IBinder;,public-api,system-api,test-api
Landroid/federatedcompute/aidl/IExampleStoreCallback$Stub$Proxy;->asBinder()Landroid/os/IBinder;,public-api,system-api,test-api
Landroid/federatedcompute/aidl/IExampleStoreCallback$Stub;->asBinder()Landroid/os/IBinder;,public-api,system-api,test-api
Landroid/federatedcompute/aidl/IExampleStoreCallback$Stub;->onTransact(ILandroid/os/Parcel;Landroid/os/Parcel;I)Z,public-api,system-api,test-api
Landroid/federatedcompute/aidl/IExampleStoreIterator$Default;->asBinder()Landroid/os/IBinder;,public-api,system-api,test-api
Landroid/federatedcompute/aidl/IExampleStoreIterator$Stub$Proxy;->asBinder()Landroid/os/IBinder;,public-api,system-api,test-api
Landroid/federatedcompute/aidl/IExampleStoreIterator$Stub;->asBinder()Landroid/os/IBinder;,public-api,system-api,test-api
Landroid/federatedcompute/aidl/IExampleStoreIterator$Stub;->onTransact(ILandroid/os/Parcel;Landroid/os/Parcel;I)Z,public-api,system-api,test-api
Landroid/federatedcompute/aidl/IExampleStoreIteratorCallback$Default;->asBinder()Landroid/os/IBinder;,public-api,system-api,test-api
Landroid/federatedcompute/aidl/IExampleStoreIteratorCallback$Stub$Proxy;->asBinder()Landroid/os/IBinder;,public-api,system-api,test-api
Landroid/federatedcompute/aidl/IExampleStoreIteratorCallback$Stub;->asBinder()Landroid/os/IBinder;,public-api,system-api,test-api
Landroid/federatedcompute/aidl/IExampleStoreIteratorCallback$Stub;->onTransact(ILandroid/os/Parcel;Landroid/os/Parcel;I)Z,public-api,system-api,test-api
Landroid/federatedcompute/aidl/IExampleStoreService$Default;->asBinder()Landroid/os/IBinder;,public-api,system-api,test-api
Landroid/federatedcompute/aidl/IExampleStoreService$Stub$Proxy;->asBinder()Landroid/os/IBinder;,public-api,system-api,test-api
Landroid/federatedcompute/aidl/IExampleStoreService$Stub;->asBinder()Landroid/os/IBinder;,public-api,system-api,test-api
Landroid/federatedcompute/aidl/IExampleStoreService$Stub;->onTransact(ILandroid/os/Parcel;Landroid/os/Parcel;I)Z,public-api,system-api,test-api
Landroid/federatedcompute/aidl/IFederatedComputeCallback$Default;->asBinder()Landroid/os/IBinder;,public-api,system-api,test-api
Landroid/federatedcompute/aidl/IFederatedComputeCallback$Stub$Proxy;->asBinder()Landroid/os/IBinder;,public-api,system-api,test-api
Landroid/federatedcompute/aidl/IFederatedComputeCallback$Stub;->asBinder()Landroid/os/IBinder;,public-api,system-api,test-api
Landroid/federatedcompute/aidl/IFederatedComputeCallback$Stub;->onTransact(ILandroid/os/Parcel;Landroid/os/Parcel;I)Z,public-api,system-api,test-api
Landroid/federatedcompute/aidl/IFederatedComputeService$Default;->asBinder()Landroid/os/IBinder;,public-api,system-api,test-api
Landroid/federatedcompute/aidl/IFederatedComputeService$Stub$Proxy;->asBinder()Landroid/os/IBinder;,public-api,system-api,test-api
Landroid/federatedcompute/aidl/IFederatedComputeService$Stub;->asBinder()Landroid/os/IBinder;,public-api,system-api,test-api
Landroid/federatedcompute/aidl/IFederatedComputeService$Stub;->onTransact(ILandroid/os/Parcel;Landroid/os/Parcel;I)Z,public-api,system-api,test-api
Landroid/federatedcompute/aidl/IResultHandlingService$Default;->asBinder()Landroid/os/IBinder;,public-api,system-api,test-api
Landroid/federatedcompute/aidl/IResultHandlingService$Stub$Proxy;->asBinder()Landroid/os/IBinder;,public-api,system-api,test-api
Landroid/federatedcompute/aidl/IResultHandlingService$Stub;->asBinder()Landroid/os/IBinder;,public-api,system-api,test-api
Landroid/federatedcompute/aidl/IResultHandlingService$Stub;->onTransact(ILandroid/os/Parcel;Landroid/os/Parcel;I)Z,public-api,system-api,test-api
Landroid/federatedcompute/common/ExampleConsumption$1;->createFromParcel(Landroid/os/Parcel;)Ljava/lang/Object;,public-api,system-api,test-api
Landroid/federatedcompute/common/ExampleConsumption$1;->newArray(I)[Ljava/lang/Object;,public-api,system-api,test-api
Landroid/federatedcompute/common/ExampleConsumption;->describeContents()I,public-api,system-api,test-api
Landroid/federatedcompute/common/ExampleConsumption;->equals(Ljava/lang/Object;)Z,core-platform-api,public-api,system-api,test-api
Landroid/federatedcompute/common/ExampleConsumption;->hashCode()I,core-platform-api,public-api,system-api,test-api
Landroid/federatedcompute/common/ExampleConsumption;->writeToParcel(Landroid/os/Parcel;I)V,public-api,system-api,test-api
Landroid/federatedcompute/common/ScheduleFederatedComputeRequest;->equals(Ljava/lang/Object;)Z,core-platform-api,public-api,system-api,test-api
Landroid/federatedcompute/common/ScheduleFederatedComputeRequest;->hashCode()I,core-platform-api,public-api,system-api,test-api
Landroid/federatedcompute/common/TrainingInterval$1;->createFromParcel(Landroid/os/Parcel;)Ljava/lang/Object;,public-api,system-api,test-api
Landroid/federatedcompute/common/TrainingInterval$1;->newArray(I)[Ljava/lang/Object;,public-api,system-api,test-api
Landroid/federatedcompute/common/TrainingInterval;->describeContents()I,public-api,system-api,test-api
Landroid/federatedcompute/common/TrainingInterval;->equals(Ljava/lang/Object;)Z,core-platform-api,public-api,system-api,test-api
Landroid/federatedcompute/common/TrainingInterval;->hashCode()I,core-platform-api,public-api,system-api,test-api
Landroid/federatedcompute/common/TrainingInterval;->writeToParcel(Landroid/os/Parcel;I)V,public-api,system-api,test-api
Landroid/federatedcompute/common/TrainingOptions$1;->createFromParcel(Landroid/os/Parcel;)Ljava/lang/Object;,public-api,system-api,test-api
Landroid/federatedcompute/common/TrainingOptions$1;->newArray(I)[Ljava/lang/Object;,public-api,system-api,test-api
Landroid/federatedcompute/common/TrainingOptions;->describeContents()I,public-api,system-api,test-api
Landroid/federatedcompute/common/TrainingOptions;->equals(Ljava/lang/Object;)Z,core-platform-api,public-api,system-api,test-api
Landroid/federatedcompute/common/TrainingOptions;->hashCode()I,core-platform-api,public-api,system-api,test-api
Landroid/federatedcompute/common/TrainingOptions;->writeToParcel(Landroid/os/Parcel;I)V,public-api,system-api,test-api
Landroid/ondevicepersonalization/IOnDevicePersonalizationSystemService$Default;->asBinder()Landroid/os/IBinder;,public-api,system-api,test-api
Landroid/ondevicepersonalization/IOnDevicePersonalizationSystemService$Stub$Proxy;->asBinder()Landroid/os/IBinder;,public-api,system-api,test-api
Landroid/ondevicepersonalization/IOnDevicePersonalizationSystemService$Stub;->asBinder()Landroid/os/IBinder;,public-api,system-api,test-api
Landroid/ondevicepersonalization/IOnDevicePersonalizationSystemService$Stub;->onTransact(ILandroid/os/Parcel;Landroid/os/Parcel;I)Z,public-api,system-api,test-api
Landroid/ondevicepersonalization/IOnDevicePersonalizationSystemServiceCallback$Default;->asBinder()Landroid/os/IBinder;,public-api,system-api,test-api
Landroid/ondevicepersonalization/IOnDevicePersonalizationSystemServiceCallback$Stub$Proxy;->asBinder()Landroid/os/IBinder;,public-api,system-api,test-api
Landroid/ondevicepersonalization/IOnDevicePersonalizationSystemServiceCallback$Stub;->asBinder()Landroid/os/IBinder;,public-api,system-api,test-api
Landroid/ondevicepersonalization/IOnDevicePersonalizationSystemServiceCallback$Stub;->onTransact(ILandroid/os/Parcel;Landroid/os/Parcel;I)Z,public-api,system-api,test-api
Landroid/ondevicepersonalization/OnDevicePersonalizationFrameworkInitializer$$ExternalSyntheticLambda0;->createService(Landroid/content/Context;)Ljava/lang/Object;,system-api,test-api
Landroid/ondevicepersonalization/OnDevicePersonalizationFrameworkInitializer$$ExternalSyntheticLambda1;->createService(Landroid/content/Context;)Ljava/lang/Object;,system-api,test-api
Landroid/ondevicepersonalization/OnDevicePersonalizationFrameworkInitializer$$ExternalSyntheticLambda2;->createService(Landroid/content/Context;)Ljava/lang/Object;,system-api,test-api
Landroid/ondevicepersonalization/OnDevicePersonalizationFrameworkInitializer$$ExternalSyntheticLambda3;->createService(Landroid/content/Context;)Ljava/lang/Object;,system-api,test-api
Landroid/ondevicepersonalization/OnDevicePersonalizationFrameworkInitializer$$ExternalSyntheticLambda4;->createService(Landroid/os/IBinder;)Ljava/lang/Object;,system-api,test-api
Lcom/android/federatedcompute/internal/util/AndroidServiceBinder$GenericServiceConnection;->onBindingDied(Landroid/content/ComponentName;)V,public-api,system-api,test-api
Lcom/android/federatedcompute/internal/util/AndroidServiceBinder$GenericServiceConnection;->onNullBinding(Landroid/content/ComponentName;)V,public-api,system-api,test-api
Lcom/android/federatedcompute/internal/util/AndroidServiceBinder$GenericServiceConnection;->onServiceConnected(Landroid/content/ComponentName;Landroid/os/IBinder;)V,public-api,system-api,test-api
Lcom/android/federatedcompute/internal/util/AndroidServiceBinder$GenericServiceConnection;->onServiceDisconnected(Landroid/content/ComponentName;)V,public-api,system-api,test-api
Lcom/android/ondevicepersonalization/internal/util/BaseOdpParceledListSlice$1;->onTransact(ILandroid/os/Parcel;Landroid/os/Parcel;I)Z,public-api,system-api,test-api
Lcom/android/ondevicepersonalization/internal/util/BaseOdpParceledListSlice;->writeToParcel(Landroid/os/Parcel;I)V,public-api,system-api,test-api
Lcom/android/ondevicepersonalization/internal/util/BaseParceledListSlice$1;->onTransact(ILandroid/os/Parcel;Landroid/os/Parcel;I)Z,public-api,system-api,test-api
Lcom/android/ondevicepersonalization/internal/util/BaseParceledListSlice;->writeToParcel(Landroid/os/Parcel;I)V,public-api,system-api,test-api
Lcom/android/ondevicepersonalization/internal/util/ByteArrayParceledListSlice$1;->createFromParcel(Landroid/os/Parcel;)Ljava/lang/Object;,public-api,system-api,test-api
Lcom/android/ondevicepersonalization/internal/util/ByteArrayParceledListSlice$1;->newArray(I)[Ljava/lang/Object;,public-api,system-api,test-api
Lcom/android/ondevicepersonalization/internal/util/ByteArrayParceledListSlice$2;->createFromParcel(Landroid/os/Parcel;)Ljava/lang/Object;,public-api,system-api,test-api
Lcom/android/ondevicepersonalization/internal/util/ByteArrayParceledListSlice$2;->createFromParcel(Landroid/os/Parcel;Ljava/lang/ClassLoader;)Ljava/lang/Object;,public-api,system-api,test-api
Lcom/android/ondevicepersonalization/internal/util/ByteArrayParceledListSlice$2;->newArray(I)[Ljava/lang/Object;,public-api,system-api,test-api
Lcom/android/ondevicepersonalization/internal/util/ByteArrayParceledListSlice;->describeContents()I,public-api,system-api,test-api
Lcom/android/ondevicepersonalization/internal/util/ByteArrayParceledListSlice;->writeToParcel(Landroid/os/Parcel;I)V,public-api,system-api,test-api
Lcom/android/ondevicepersonalization/internal/util/ByteArrayParceledSlice$1;->createFromParcel(Landroid/os/Parcel;)Ljava/lang/Object;,public-api,system-api,test-api
Lcom/android/ondevicepersonalization/internal/util/ByteArrayParceledSlice$1;->newArray(I)[Ljava/lang/Object;,public-api,system-api,test-api
Lcom/android/ondevicepersonalization/internal/util/ByteArrayParceledSlice;->describeContents()I,public-api,system-api,test-api
Lcom/android/ondevicepersonalization/internal/util/ByteArrayParceledSlice;->writeToParcel(Landroid/os/Parcel;I)V,public-api,system-api,test-api
Lcom/android/ondevicepersonalization/internal/util/OdpParceledListSlice$1;->createFromParcel(Landroid/os/Parcel;)Ljava/lang/Object;,public-api,system-api,test-api
Lcom/android/ondevicepersonalization/internal/util/OdpParceledListSlice$1;->createFromParcel(Landroid/os/Parcel;Ljava/lang/ClassLoader;)Ljava/lang/Object;,public-api,system-api,test-api
Lcom/android/ondevicepersonalization/internal/util/OdpParceledListSlice$1;->newArray(I)[Ljava/lang/Object;,public-api,system-api,test-api
Lcom/android/ondevicepersonalization/internal/util/OdpParceledListSlice;->describeContents()I,public-api,system-api,test-api
Lcom/android/ondevicepersonalization/internal/util/OdpParceledListSlice;->writeToParcel(Landroid/os/Parcel;I)V,public-api,system-api,test-api
Lcom/android/ondevicepersonalization/internal/util/ParceledListSlice$1;->createFromParcel(Landroid/os/Parcel;)Ljava/lang/Object;,public-api,system-api,test-api
Lcom/android/ondevicepersonalization/internal/util/ParceledListSlice$1;->createFromParcel(Landroid/os/Parcel;Ljava/lang/ClassLoader;)Ljava/lang/Object;,public-api,system-api,test-api
Lcom/android/ondevicepersonalization/internal/util/ParceledListSlice$1;->newArray(I)[Ljava/lang/Object;,public-api,system-api,test-api
Lcom/android/ondevicepersonalization/internal/util/ParceledListSlice;->describeContents()I,public-api,system-api,test-api
Lcom/android/ondevicepersonalization/internal/util/ParceledListSlice;->writeToParcel(Landroid/os/Parcel;I)V,public-api,system-api,test-api
Lcom/android/ondevicepersonalization/internal/util/StringParceledListSlice$1;->createFromParcel(Landroid/os/Parcel;)Ljava/lang/Object;,public-api,system-api,test-api
Lcom/android/ondevicepersonalization/internal/util/StringParceledListSlice$1;->createFromParcel(Landroid/os/Parcel;Ljava/lang/ClassLoader;)Ljava/lang/Object;,public-api,system-api,test-api
Lcom/android/ondevicepersonalization/internal/util/StringParceledListSlice$1;->newArray(I)[Ljava/lang/Object;,public-api,system-api,test-api
Lcom/android/ondevicepersonalization/internal/util/StringParceledListSlice;->describeContents()I,public-api,system-api,test-api
Lcom/android/ondevicepersonalization/internal/util/StringParceledListSlice;->writeToParcel(Landroid/os/Parcel;I)V,public-api,system-api,test-api
